ticker,cluster,annual_return,annual_volatility,sharpe_ratio,max_drawdown,log_avg_volume,skewness,kurtosis,recent_1y_return
MMM,2,0.0541894141780743,0.2952719118272461,0.1835237691344605,-0.540728121153005,15.274850422886631,1.4215694548241644,23.41345674122374,0.4616968507764785
AOS,2,0.1439342889114068,0.3022025939440416,0.4762840948283154,-0.426841752344316,13.943348503731212,0.3457369296852904,4.501929497642316,-0.1615900130746994
ABT,2,0.10943725224964,0.2615463295314241,0.4184239650608114,-0.3387675541110319,15.551192083574277,0.1479053161429976,6.689762525139415,0.0452533409789586
ABBV,2,0.2334579983282081,0.2479281618722812,0.9416356599637628,-0.3404231963628097,15.727733703096556,-0.8918993109424288,10.945728185461348,0.178557354098215
ACN,2,0.1754636950929371,0.2944274619624771,0.595948808319038,-0.3968778325972883,14.653372865768866,0.307373996140097,5.624645783617751,0.0206505526512308
ADBE,1,0.1433235762981384,0.3889246033206477,0.3685124959296434,-0.6002149800846833,14.94142681441392,-0.4181095068441873,8.351489030554031,-0.2527656620248163
AMD,1,0.3777561706290457,0.5247644938173728,0.7198584795268399,-0.6544994295506877,17.971337506351972,0.162154757271534,2.147561977248428,-0.1693914971872527
AES,1,0.0214169328953008,0.4020992429247551,0.053262803330641,-0.5656043982752855,15.673918414944197,-0.4468868883278858,6.442568781872623,-0.3158339556937027
AFL,2,0.2310109490803815,0.3217372351292403,0.7180112335694858,-0.5244346413170434,14.893867941150276,0.8142508818681425,34.36201343475224,0.2750280113241068
A,2,0.1505171934917319,0.2967938387149912,0.5071439290768851,-0.427348687694733,14.37410760878286,0.0223485186709059,3.590774094132993,-0.0282459065376148
APD,2,0.1201865289906203,0.3025884255223786,0.3971947333515295,-0.3176568286228808,13.988631918195225,-0.5941001458811466,12.545478461558403,0.0758473109615625
ABNB,1,0.1015312266115258,0.4899758510608599,0.2072167973007196,-0.6195812614973956,15.606072915720846,0.125821635696223,2.198739856935751,-0.0318055079364421
AKAM,2,0.0643530529208387,0.298417041509096,0.215648049439151,-0.4197014348543436,14.302545064692936,-0.7865020766573898,9.452681301358147,-0.1925644377638982
ALB,1,0.2092665925551358,0.5356638884739848,0.3906677247766331,-0.7722363092227184,14.425179352886392,-0.2983317506799047,2.9766490523728333,-0.3945385134997951
ARE,2,-0.017232461341859,0.3144302372236972,-0.0548053568066969,-0.5619700392404814,13.779776741190933,-0.1170400843656552,9.278389612178364,-0.203189743373818
ALGN,1,0.084927499503016,0.542419698828786,0.1565715619959873,-0.7608230957933052,13.64125332937476,0.9865301933445548,16.945293796919383,-0.2460583874779026
ALLE,2,0.0727128956487301,0.3078098286427791,0.2362266857083218,-0.4325009733277231,13.5137130409688,-0.1782195287606205,6.332212940024702,0.0488820166707606
LNT,2,0.0871976457109728,0.2515087215220832,0.346698298107792,-0.3353831479323789,14.202233261636865,0.002087005169168,6.133805461303549,0.1992247332085399
ALL,2,0.1922505106193808,0.293641188142036,0.6547123441224739,-0.4139400763878272,14.42449000822465,-0.7414478087895914,8.4797075167775,0.4043262506466385
GOOGL,0,0.2965593953597805,0.3250797109554291,0.9122667006445108,-0.44320050065097,17.315211917414036,-0.0570828996216232,3.581963595583006,0.3739941964921454
GOOG,0,0.2982878317961495,0.3239284647007507,0.9208447675992648,-0.4460185371477403,17.126835100117308,-0.065323814062202,3.557901968364316,0.372187493245661
MO,2,0.1314983943825438,0.2449497839803283,0.5368381724847913,-0.38770729073026,16.018184367387292,-0.7334777520399014,8.250885108153067,0.401919134957079
AMZN,1,0.2642336828339782,0.3597572135273063,0.7344777891824602,-0.5614526325328256,18.04254379349149,0.0694833963566135,3.9918627598692114,0.4564959819393144
AMCR,2,0.0646496064313177,0.296159101313407,0.2182934988140144,-0.4536548085769287,14.310996828642756,0.0055962589517938,15.619913008155915,0.0184748340917402
AEE,2,0.1008934337529952,0.262431403437571,0.3844564043456652,-0.2908630293166945,14.198004254433432,0.0627937984108101,19.57019306306872,0.2815255579630962
AEP,2,0.0662005587277261,0.2481901645170922,0.2667332078067383,-0.3290522403825089,14.92465179124654,-0.009431097327107,9.739512747529677,0.1796340631628878
AXP,0,0.2952796917630911,0.3856400395960069,0.7656873287131271,-0.4963851004342257,15.114623121378036,1.176269505959075,16.505126495882397,0.6061178713043083
AIG,1,0.1931562737591301,0.4024268739927915,0.479978565652626,-0.6508708657230535,15.40024513241609,-0.4435369076101307,12.023737082556671,0.0937466320783078
AMT,2,0.0277008623616048,0.3060847139324079,0.0905006395311919,-0.4534421081371572,14.537494523634631,0.1971619552684939,7.401880815741226,-0.1287729496370226
AWK,2,0.0651153484649962,0.2779061096509972,0.2343070058688886,-0.3710107054581596,13.809859634266468,0.2489860925522981,12.01289392372612,-0.037268511784874
AMP,0,0.3845166353687725,0.3948110189143599,0.9739257947412548,-0.538838174141367,13.331966311525523,0.2577090295060218,20.375788412092703,0.4159380392726595
AME,2,0.1773130752401943,0.2794615794073211,0.6344810460752346,-0.4271945962443995,13.90143480071314,-0.5383744664463093,19.346589497453184,0.1030328251910663
AMGN,2,0.0834624417399725,0.2620726377358249,0.3184706440971703,-0.2485993917371708,14.815339045668722,0.6536988166076498,8.06610971226106,-0.0725123485135138
APH,0,0.268414363120405,0.2838592302293759,0.94558969565129,-0.3755776815231061,15.527020085202237,-0.6121772967124106,6.736175544879018,0.4140412678649683
ADI,2,0.2154916209625452,0.3543611122715729,0.6081130617893484,-0.33619937075566,15.01796412507559,-0.025546641320691,6.8980690071648105,0.0886671231749067
AON,2,0.1650821785575411,0.2699220750128464,0.6115919883532475,-0.3872720330202271,14.030373522200216,-0.1183941668845893,15.617452090817697,0.2403836528188374
APA,1,0.2923558180834678,0.6986179181234621,0.418477411614,-0.8793986624762462,15.946231698993616,-1.197900363934529,25.063378166094036,-0.3536790158666891
APO,0,0.4507706225088028,0.4285039069607818,1.0519638565397234,-0.534794392111612,14.79443565726686,0.5697421486040735,12.361164350341774,0.8134574546389817
AAPL,0,0.3490049195216322,0.3168909599323023,1.1013407248859055,-0.3142727169383147,18.32169935844454,0.1046755766343746,5.273350064610449,0.3163430951969888
AMAT,0,0.3679866375879588,0.4674402105521548,0.7872378740230362,-0.5513918906805574,15.805504555813291,-0.3149488290692881,3.4783806773300627,0.0175714573301755
APP,3,1.0493281777548171,0.7631952009493,1.374914538835688,-0.919024812239502,14.918582033287802,2.0387942901596685,14.807280576286482,7.416060670632421
APTV,1,0.0247460225225339,0.4802146507727054,0.0515311694108365,-0.7074444080460048,14.585908257691486,-0.9506744256912668,15.146013958645089,-0.3300267522011466
ACGL,2,0.2439468396339208,0.338796364928783,0.7200397196858942,-0.538397687515893,14.513089565874028,-0.321335637129531,10.062201956330831,0.3011299457000356
ADM,2,0.0953473512742295,0.3043436595217489,0.3132884431502863,-0.4640504521660485,14.97124965245924,-1.8353695191009027,23.024663048329455,-0.2816842980179997
ARES,0,0.5335676266448857,0.3761207258023736,1.4186073514205646,-0.440731890402538,13.766688525293416,0.1337631863799977,6.468515907484587,0.5439677260146396
ANET,0,0.6892204171643699,0.4273307953806943,1.612849868566966,-0.3842277279762277,16.071776718501877,0.7514140197392162,8.410390786548074,0.8929132444102237
AJG,0,0.3034774731270726,0.2588490163276623,1.1724111508421482,-0.3722026538581737,13.781679937223409,-0.7552071374465215,13.581904846148324,0.2761791917159686
AIZ,2,0.1752920368393589,0.3088778647885899,0.5675124598499046,-0.4463481382533658,12.932959967712298,-0.7664277253537354,17.138014015927087,0.2797374089627131
T,2,0.0611789330031515,0.2661276391635172,0.2298856788999706,-0.3942907090764589,17.667891814415306,-0.0528886173000236,7.153414088100828,0.4308779707129504
ATO,2,0.1093965245054093,0.2548008167824038,0.4293413415500642,-0.329102696247684,13.735572331828106,0.4815687020016936,14.212068834112024,0.2305070058582019
ADSK,2,0.1848264305213769,0.3924465410174722,0.4709595096498716,-0.5199403896552839,14.248147909101936,-0.2014112761126085,5.919951918271856,0.2219895022186597
ADP,2,0.1835900540490584,0.276612530689538,0.6637083778938225,-0.394511811594,14.4149442139605,-0.4765905390607719,12.912527229679355,0.285152995373267
AZO,2,0.2687754717735677,0.2828205740259747,0.9503391777603948,-0.3912187220379267,12.119679010530168,-0.9407396676331624,12.757615174894198,0.2320921672579581
AVB,2,0.094573993804619,0.2999898716968356,0.3152572894200703,-0.4691104289693601,13.606690933994756,-0.2563605533821079,11.711253470207684,0.2040525349391304
AVY,2,0.1491807047290034,0.3125924992649085,0.4772369941051571,-0.4352120089381814,13.158952255745342,0.8174095137948332,18.270369909730015,-0.0589224976966825
AXON,0,0.7094568042368101,0.4993520626257804,1.4207547286502034,-0.5854257529167797,13.334184544367892,1.2402955211730884,12.041121810271516,1.3393335607020802
BKR,1,0.2497845256378312,0.4450834125562177,0.5612083456520218,-0.6331610533289652,15.881732456239869,0.1493668505721026,9.083197125720089,0.2287356223348255
BALL,2,0.035675628333389,0.3285105084511717,0.1085981343537193,-0.5508922788435572,14.491244972627904,-0.1079488368476418,10.505345173645953,-0.0320219564121883
BAC,1,0.1392710671331338,0.3575608045521661,0.3895031708175245,-0.4848424719857178,17.72531200928717,0.4669716953973811,10.46605473530894,0.3373149362168903
BAX,1,-0.1443761376731777,0.2960086073412826,-0.4877430388594055,-0.6646673253592407,15.14463130289936,-0.7735327530767716,8.527151372016686,-0.2380621152413543
BDX,2,0.0122814673469462,0.2434942178435533,0.0504384352766732,-0.2963220112606761,14.428394509058773,-0.4861403729826036,9.266251105903915,-0.0552702796619304
BRK-B,2,0.1742699343844156,0.2174878955260667,0.801285671383623,-0.2956993612851106,15.310795639003013,0.0914201626444569,12.268018302704284,0.2677620114939332
BBY,2,0.1162039388741327,0.3897779470079562,0.2981285620855321,-0.5259538280206737,14.844970970239126,0.3198378978932189,7.0522514466067445,0.1441852319206336
TECH,2,0.1335126356832237,0.3645374303154927,0.3662521995825608,-0.6050220507809762,13.787675093712236,0.5134023611680104,4.159417936839047,-0.0590743194890402
BIIB,1,-0.0342591302421234,0.4669033656680799,-0.0733752051521474,-0.6468134256741943,14.097397701020885,5.900187711717314,96.46348477023012,-0.419600383282966
BLK,2,0.240452783754218,0.3151316829286422,0.7630231956355393,-0.4390170403217398,13.471372772640947,0.2363217590287614,8.846930716234732,0.2958418487392169
BX,0,0.4141475686630558,0.4132269933166973,1.0022277715668322,-0.4928609973151838,15.24313268173311,-0.0534822050509,5.346352645282163,0.347808423395948
XYZ,1,0.3112401008209311,0.6444574133091026,0.4829490582206249,-0.8608282120560732,16.276018709774856,0.1141529258013471,4.469947710647747,0.1309632202022821
BK,2,0.1777857696801679,0.3139508542537006,0.5662853509438167,-0.4624623035207415,15.398863253217955,-0.0533684162765209,10.069660660551,0.5245406302445723
BA,1,0.0044500344278641,0.5110049375224212,0.0087083981016698,-0.7249236475234283,16.3754077058378,0.2489511144843681,11.643240416465549,-0.3226808847873048
BKNG,0,0.2804832446821581,0.3731296301123917,0.7517045606849093,-0.4478699557832083,16.008006506197617,0.2362989048741814,6.38531968421097,0.4194557231711153
BSX,2,0.1930032513783284,0.2803457217705271,0.6884472862985525,-0.4349157637047449,15.904963536894734,-0.6652001570724037,7.315104709474722,0.5512886728040993
BMY,2,0.0381803342776778,0.2369440274565367,0.1611365126503615,-0.4766736416718182,16.313215057426408,0.3840259702528664,7.815462035597125,0.1478186772533423
AVGO,0,0.672651013564679,0.4190048913108715,1.605353606876203,-0.4829997400607445,17.02751833115792,0.5244954217259329,11.773679822384478,1.1388856338999678
BR,2,0.1862760205300631,0.2583389078114941,0.7210529072375959,-0.3608777954302143,13.24706714547256,0.2262958910265417,6.883998008765948,0.113607801870853
BRO,0,0.2628918694283342,0.269955932072485,0.9738325341105892,-0.3473511436674419,14.111122386091909,-0.3591298981860205,7.56618671420434,0.4428186359663817
BF-B,2,-0.0591534967806259,0.2793834798533416,-0.2117286849303966,-0.5061131691636022,14.062349273207428,-0.0250290323955745,11.302824074718904,-0.3269610765089914
BLDR,0,0.6348418897466284,0.5366895953202325,1.1828846604857883,-0.6220724093968799,14.53704317315118,-0.0364428816618918,7.900354991380791,-0.1411884927490133
BG,2,0.1536649378515739,0.3336992822665754,0.4604892668867619,-0.4731200699759761,14.137816244669825,-0.4997278903214857,6.047368434509135,-0.2162503150907971
BXP,1,0.0043899949804786,0.3951946784900961,0.0111084364730095,-0.6359411835816469,14.066935772040267,0.2745222957926689,8.51490701723404,0.1051395970858306
CHRW,2,0.1333224423291552,0.2958906272286288,0.450580147055958,-0.4055230214090538,14.11634787082192,0.1050691525116533,10.23715760847428,0.230785665207361
CDNS,0,0.429732137526271,0.3706474136477972,1.1594095134699047,-0.3211696829091163,14.3340979189424,0.1982480908850082,3.4557328399406435,0.1082718021920399
CPT,2,0.0990645819983389,0.2931472958510432,0.3379344902730282,-0.5021734633295891,13.650821005353132,-0.511834696830318,12.02335270457168,0.1997975222009622
CPB,2,0.0304145970639591,0.2454190303258749,0.1239292528520451,-0.31806559338522,14.746706361046472,-0.2184991764806428,6.4108888959190224,-0.0101297129916292
COF,1,0.2547042381815902,0.4471857060384261,0.5695715107667234,-0.6025293906670367,14.921722546364284,0.0030286628447959,10.029711535017272,0.3793861248626111
CAH,0,0.2776257457714648,0.2983452115227885,0.930552041892782,-0.3214166867008211,14.72095042004214,-0.1331808343178362,8.414375362822456,0.1865837071494085
CCL,1,0.1480080836427333,0.7420558609260403,0.1994567948806823,-0.8756365585283493,17.477641035024615,-0.0753467585660104,10.085843796894885,0.3511325166721357
CARR,0,0.5652018319808039,0.3798127234165386,1.4881066302798656,-0.408239405343052,15.45807122838035,1.429452223215408,18.139100132731137,0.2020580189828866
CVNA,3,1.2794149193723203,1.1779249774589708,1.0861599370549766,-0.9899486626121002,15.875156564392846,1.1992799290196865,9.040003758836546,2.977144097346696
CASY,0,0.2667152151425955,0.3022270250838526,0.8824995549904766,-0.3340880315638298,12.468645903345667,0.7785427284801197,14.266681129651367,0.4591342965984408
CAT,0,0.2859476728984498,0.3250488674957866,0.8797067194893591,-0.3784680323711741,14.986010134311204,-0.1295504751816515,4.479346736374119,0.2474454730865829
CBOE,2,0.1665967109730406,0.2822908641134859,0.590159768351787,-0.4053318468930214,13.51382651469781,-0.3937194046929867,10.749411673060331,0.1104386282803557
CBRE,0,0.2514500499073715,0.3844318839625941,0.6540821934838216,-0.5357198455454311,14.362462629481682,0.2651020306820488,8.862981793419264,0.3993985325729017
CDW,2,0.1089028186784344,0.3282158553366545,0.3318024309542622,-0.4482266660432036,13.67272240061098,-0.6746839153896006,8.424910380701922,-0.2287248145322289
COR,0,0.2991538968792868,0.2637884629864993,1.1340674019340926,-0.2378352636660232,14.058612560576847,0.5830623027698532,9.315941531504942,0.1038359547659399
CNC,2,0.0613583274447937,0.3597397780794715,0.1705630880531616,-0.4166838266568936,15.157126172770973,0.2481627354879008,6.5867030655569625,-0.1866325110495655
CNP,1,0.1211690774751341,0.3238740374812417,0.3741240836019531,-0.550000668079787,15.460559918306348,-0.7647476649710124,23.29812764055164,0.1463626171133094
CF,2,0.2630438888504083,0.4227958273606646,0.6221534646935377,-0.5385019751145771,14.768457705004304,-0.1625196135122986,4.036332344196637,0.0841120813405009
CRL,2,0.1220684470389572,0.3988510809233259,0.3060501848368398,-0.6410211462916716,13.116295732536836,-0.2419540163289797,5.682569628456268,-0.2241116628401357
SCHW,1,0.1912286785706214,0.3877600047809572,0.4931624618651558,-0.4970345225940696,16.10060368650747,0.1987071628995962,7.006860037500372,0.0904797054043866
CHTR,1,-0.0096392974260035,0.3503955505854315,-0.0275097597840454,-0.6898819775863198,14.031033846776484,-0.4370073247783133,10.410968889342197,-0.117062881695467
CVX,1,0.151832787111676,0.3558769537470005,0.4266440563600438,-0.5467009417323052,16.11117395309261,-0.255365205264127,21.67724030689063,0.0004935931540952
CMG,0,0.3706352073509156,0.3592100290008153,1.031806401346535,-0.5018311335493322,16.56173647596853,0.6343669736848832,8.356063780080035,0.313752741079695
CB,2,0.1895437861346758,0.2874790756625856,0.6593307206718011,-0.4259167418859915,14.436512206990598,-0.6046031785283821,10.240883804529105,0.2348732816280687
CHD,2,0.1256361342483127,0.2286609743810894,0.5494428360080628,-0.3171611094521858,14.208956353230365,0.1886846441564376,11.089463453973382,0.1186542505256833
CIEN,0,0.2454868328008626,0.4049076392678516,0.6062785904576867,-0.4953608167856908,14.361447342680082,0.1022124582442604,14.880387714104298,0.8886915198030765
CI,2,0.1389377442334085,0.3386294567172787,0.4102943245997866,-0.4154985553053936,14.41759419443085,0.2931784428953921,11.683475303833053,-0.0660821385209249
CINF,2,0.1628475591648452,0.3570061742358066,0.4561477389387743,-0.5754381454659927,13.536789758743604,0.0682713346250489,10.19522035938936,0.4192972800019929
CTAS,0,0.2953592437370942,0.3115802810905952,0.9479394610701164,-0.483796831749591,14.40980086724384,-0.4766103799809332,13.630157746703423,0.2289615438816867
CSCO,2,0.1135553563804583,0.2729410453304982,0.4160435314628354,-0.3667506458286475,16.845239319801973,-0.4489711978392485,13.074002703885364,0.2097517380759903
C,1,0.0902138146491262,0.391666323851691,0.2303333453893952,-0.5650758255404696,16.803884658285348,0.0760564246350654,11.50530230078494,0.4193352185112444
CFG,1,0.1836439038671713,0.4648052649960708,0.3950985879403146,-0.6212762541909815,15.491604064639109,-0.0866124661969288,8.963279828313782,0.3737929337495858
CLX,2,0.0797758195594677,0.2706614727019125,0.2947439055994765,-0.4672568469251315,14.157031083734148,-0.2390215681449393,11.704718834296916,0.1700018841813231
CME,2,0.1140865357321452,0.2802363206027416,0.4071083130365261,-0.3735609186018719,14.354172328583422,-1.0192558645540952,19.91524523814761,0.1506315513707699
CMS,2,0.07867040030006,0.2462346431550995,0.3194936313267126,-0.2955271582466773,14.53582978061298,-0.0060373060294416,11.181653731138264,0.1856617060128014
KO,2,0.0800736890491171,0.208077846651726,0.3848256329908196,-0.3698751653977468,16.54518530482073,-0.6518700248949006,8.450053901339295,0.0847528582158692
CTSH,2,0.1141887325201513,0.315373622676483,0.3620744548991296,-0.437653161881368,15.070711488519333,-0.3405341798489336,13.262837690303993,0.032535178740636
COHR,0,0.430377977611597,0.5653053233049504,0.761319520388511,-0.722233386836652,14.461255897131258,0.1789463369532979,8.510359723670135,1.1787272914649631
COIN,1,0.387072555363924,0.8941865859786567,0.4328767188341193,-0.9089789936876204,16.209124627109258,0.4593921370974737,2.433658970231034,0.4694112249837054
CL,2,0.1079625350076805,0.2069879189133928,0.521588581471046,-0.2257271367758283,15.304007899316792,0.4056543713284573,13.820325383650584,0.1641228753521086
CMCSA,1,0.0277034523571673,0.2865895645048479,0.0966659494564348,-0.5211347987493874,16.89283472952461,-0.0600440391238492,6.238812494455999,-0.1216921093622579
FIX,0,0.7076931543785696,0.4355232486575326,1.6249262388632066,-0.4120707599115054,12.465840622420798,0.0958951318415819,6.5178427569637485,1.0943929024736685
CAG,2,0.0272560780118475,0.2441585030295143,0.1116327208499997,-0.3469560175690265,15.223948701264511,-0.3659385802057283,7.299242310551762,0.0069475806424026
COP,1,0.2386486653178725,0.4413074112680973,0.5407764728720855,-0.6565815363214628,15.8548144345947,0.0318953327521709,14.037881586892574,-0.1400955799352589
ED,2,0.0704998858907088,0.2476109063421547,0.2847204387406523,-0.3090506755869422,14.5447405166014,0.3715741315834469,22.330646665899454,0.0146612662338425
STZ,2,0.0881560790811653,0.278070215742046,0.3170281248781565,-0.4929442770485933,13.977846136737137,-0.0132052109947874,17.03744327901685,-0.0767129254078212
CEG,0,0.9670537141237504,0.4375272010322701,2.210271068500778,-0.2764498775462303,14.729803100191956,1.202121685650454,10.025595735797516,0.9496227286919836
COO,2,0.0711069679572724,0.2963250833208508,0.2399627029895414,-0.4544821328563737,14.00261032792142,0.1725223328028012,7.718433890612696,-0.0336116719655517
CPRT,0,0.2580532728104079,0.3061951313297187,0.8427739255348562,-0.4375119734038575,15.381985643600974,0.2042261019682515,9.639397486950548,0.1863265524105148
GLW,2,0.1928668544054996,0.3311377397826421,0.582436947634229,-0.4109864711843068,15.400842479883597,0.1663090101399691,9.39375737875394,0.6003533329089688
CPAY,2,0.0987388102848376,0.353047896558158,0.2796753960225685,-0.5012923918013379,13.31844866336156,0.2658871499813031,6.2248027984588585,0.1944730364154925
CTVA,2,0.2277789015941311,0.3366526190973216,0.6765992262436059,-0.347616577815266,15.113162694165917,0.2235633484789015,11.071704222022042,0.1939855355010349
CSGP,2,0.0968192028699872,0.3563772855378053,0.2716761331291875,-0.4659113535321819,14.695568389691315,0.4736627420190905,8.036634437478245,-0.1781668360632637
COST,0,0.3194106437329618,0.2415235729795138,1.3224822728175456,-0.3140243238085032,14.630501046646152,-0.129309932918031,8.533589732360005,0.4052779413776146
CTRA,2,0.2289774871680969,0.3955186230786426,0.5789297236771791,-0.3360410743711643,15.861909617968193,0.3125855272065622,3.7657540300472734,0.033016185519074
CRH,0,0.2950029959610352,0.3488694899341191,0.8455970053923142,-0.5215782712732174,14.377345290772832,-0.4440656012455951,9.457270414581892,0.35843368884077
CRWD,0,0.7196435237233012,0.5478426309417732,1.3135953339122082,-0.6769220151886317,15.325498171862828,-0.0041378873437361,2.801152446001012,0.3681262241036269
CCI,2,-0.0048333510640554,0.297091376005806,-0.0162689039615913,-0.5547698294709075,14.64472495046085,0.0875208471374495,5.361254911435783,-0.1729580118471771
CSX,2,0.1177017537156819,0.2929590249037675,0.4017686560581129,-0.4055300129027628,16.382763461596806,0.0210510421273027,12.937118294731391,-0.059983852908432
CMI,2,0.2251893526514921,0.2976974300756992,0.7564370058358595,-0.4142356931038469,13.920066195973316,0.931274832062366,15.518647005053955,0.4884326202430813
CVS,1,-0.0274096348351,0.3042912305919578,-0.0900769791550623,-0.5678882723652043,15.91725866881214,-0.7593426726440963,10.871321164132183,-0.4202373515031743
DHR,2,0.1572864384040104,0.2803121679854085,0.5611117046199646,-0.3664860015604185,14.90681399385358,0.1159205290858788,3.830947689095214,-0.0030236802177605
DRI,1,0.2582666605358612,0.4481850360866088,0.5762500747257275,-0.7210289667616108,14.257270463186028,0.8261434218160311,27.496035895376732,0.1775466474644316
DDOG,0,0.5647741143861107,0.5923310331120637,0.953477165325661,-0.6810643090895365,15.246639468324677,0.5592521320318767,5.747340778800819,0.1877574677147686
DVA,2,0.2291675721656332,0.3636666485372494,0.6301583416774612,-0.5109881987899276,13.67906359617469,-1.7293273209669602,21.70071060194689,0.4298395402029975
DECK,0,0.6350818814460308,0.4411339163586397,1.439657795275284,-0.5468734498880959,14.677851454884054,0.4335900360405219,7.2171713803688196,0.8469547754716522
DE,2,0.2761350652210008,0.3315249783483989,0.832923861715213,-0.3741554974634632,14.31801786947367,-0.211428791019788,6.537358348022943,0.0738278423027005
DELL,0,0.498720196227026,0.4440704297964982,1.123065538175041,-0.5078686569352382,15.55332614591356,1.2641470169745632,18.782787171120983,0.524130673525804
DAL,1,0.1397316809866307,0.4893176480281733,0.2855643599811168,-0.688495691856012,16.517330091254536,-0.1286797539321022,10.796092645493829,0.5255675839067948
DVN,1,0.3145693881561839,0.5801211725602355,0.5422477286390049,-0.7935627967768656,16.129362321652383,-0.4651072285518424,12.76839552572468,-0.269467872638886
DXCM,1,0.2185380887959191,0.4916521873201636,0.444497338630993,-0.6069158306033109,15.110048120288685,-1.6302310429050049,26.322012004166645,-0.3714239479255842
FANG,1,0.3986077971939592,0.5897938891613291,0.6758425350265475,-0.8376406659861437,14.762193723858172,-0.7452165325032742,23.70611205650879,0.0842697041369158
DLR,2,0.182547754369188,0.3233179460902589,0.564607552957259,-0.4851522353565042,14.479251007394437,0.3009846999636059,5.321860595359652,0.3504504637891095
DG,1,-0.070942550396734,0.337661248234867,-0.2100997694215373,-0.7090313964322362,14.71229977170115,-3.3139895355097693,50.90247782913958,-0.4322153515297238
DLTR,1,0.0349200912951594,0.3973000044420247,0.0878935084438317,-0.6483800641047947,14.810726447072389,-0.296624602903646,18.57740822621936,-0.4736360785868976
D,2,-0.0009718617772145,0.2831823486568049,-0.003431929220957,-0.521999317395266,15.246845998696386,0.1024843251414606,15.044268749472405,0.2045785175486236
DPZ,2,0.1463832398328186,0.3289115123561171,0.4450535610146946,-0.4781289329376634,13.371339740498726,1.5987976349149402,24.45602445605427,0.034139430016834
DASH,1,0.1684346125321445,0.6067284179575483,0.2776112137604367,-0.8249379958548102,15.24336081946024,0.2694902533152838,2.592744928732432,0.7150369820031461
DOV,2,0.1636801160858452,0.2948040631037885,0.5552166220593102,-0.4524091077120097,13.672110296646158,-0.4552914317500877,12.236106040412382,0.2250571090540158
DOW,1,0.0576418024831011,0.3603510745565966,0.1599601237599416,-0.5807342464950526,15.451268956599687,-0.4374278154959119,16.277470618424026,-0.2411582605100404
DHI,0,0.3368313459912935,0.4098837206834723,0.8217729297217133,-0.5361804581289761,14.972026887294982,-0.2626276480184326,6.3619853070046,-0.0741490508599759
DTE,2,0.0953664099927074,0.2738873989873318,0.3481956831358949,-0.4244743420736451,14.040700737073186,-0.5524355050865447,15.041555305869233,0.133022158941745
DUK,2,0.1122868861521444,0.2466004010822758,0.455339430346997,-0.3737185066074047,14.96837196285726,0.1710976983917051,12.642654329373098,0.1552766986953753
DD,1,0.1203333064808289,0.3407648075298372,0.3531271534555182,-0.5392244436255746,16.041934914763445,-0.1193004311790475,7.336799968066314,0.0064350090664735
ETN,0,0.3803584554598411,0.3294349667472742,1.15457827447817,-0.4455355912506614,14.52362018344023,0.7163460057378048,16.494805938391938,0.3972570670034574
EBAY,2,0.1959654438084377,0.3282567236774922,0.5969883620753221,-0.5357985042667627,15.77521323769736,-0.2573693632009715,2.988373067257404,0.4503665664448053
SATS,1,0.0085441858514085,0.5195107928103045,0.0164465993193108,-0.7769071112850687,13.508349503417172,0.4768343248193591,17.422904419960847,0.3886542337154783
ECL,2,0.1054420118608934,0.3090375287679477,0.341194845432732,-0.4369998168762358,14.081583612498664,0.6611461179951231,18.976284744934336,0.1939244579523289
EIX,2,0.1006994680556956,0.2825874930543662,0.3563479295112411,-0.4313297846276676,14.524423314118998,-0.1613737170024616,9.230396571802824,0.1501390046820581
EW,1,0.0624458610358504,0.3639876541030826,0.1715603821501198,-0.543158829897888,15.066072871124176,-2.205681580008345,34.06175852649399,-0.0263606837538422
EA,2,0.1063105348450426,0.2602288142546817,0.4085271461944956,-0.2579435492788069,14.683880965019735,-0.132579987000549,5.78176332215236,0.0767044400646912
ELV,2,0.1144726969893727,0.3317581340745323,0.3450486521112863,-0.4302653389707708,14.031367919797386,0.0471762563610406,11.85075054847834,-0.2074055737550534
EME,0,0.4928557113573895,0.3529432568816751,1.3964162843394972,-0.4611526350528158,12.74501802101756,-0.3661083541424008,10.304739515173315,1.1283262378339982
EMR,2,0.1877018808473987,0.3266668039603606,0.5745973529351192,-0.5077151556548042,14.929492255116736,-0.4175774463343578,14.801451739324492,0.3007667165188956
ETR,2,0.1397777280905323,0.2905604066951088,0.4810625428302214,-0.4199434507574704,14.840491805968018,0.1116872075588957,16.77071773405926,0.5581185982470374
EOG,1,0.2609837765558116,0.4687271231703088,0.5567925636361882,-0.6655937179201675,15.23078836645861,-0.6970411338990109,14.240002531674936,0.026003890131681
EPAM,1,0.1956286247208014,0.5506787659125757,0.355249987525139,-0.7627144596896938,13.15488152165766,-1.83139502582346,33.11214481078869,-0.2107352002214458
EQT,0,0.6017394355867098,0.5691259753856182,1.0573044661667288,-0.523102972049775,15.761502682276449,1.1191802406348696,11.016374241476615,0.2267747683865875
EFX,2,0.1996264331783113,0.3393948761636758,0.5881834028691696,-0.4912450928547385,13.656073009515207,0.2762158330852453,4.834873224485541,0.0382210788684109
EQIX,2,0.174982982412446,0.3080500262637017,0.5680343044757751,-0.4176799275931354,13.089819386145722,0.3356967671259156,5.30430736266249,0.1856916272316968
EQR,2,0.0612503251886038,0.3034784692834111,0.2018275804976585,-0.451495879332385,14.528387675217967,0.0333370616541018,10.52710401536684,0.1980197024218115
ERIE,0,0.2928907573959647,0.3266167613206111,0.8967413558683213,-0.367614016451321,11.536282371547852,0.8524569847110116,16.866909450724123,0.2441468286298282
ESS,2,0.0742312409679124,0.3107810031445139,0.2388538559848677,-0.4461597762777108,12.951040644926827,-0.5418105132533932,11.398054314756465,0.1726493305108425
EL,1,-0.107462297792566,0.3936402279103965,-0.2729962289754273,-0.823929500898147,14.542242982536594,-1.0471950037778162,10.719315747209478,-0.4814530638854092
EG,2,0.1344827534227262,0.3216147087664152,0.4181486410822068,-0.4420630806793524,12.661506719260233,-0.3616512814242426,6.392742200328152,0.0378432609028436
EVRG,2,0.076120496125084,0.2826286866543724,0.2693303960973081,-0.3879175037276736,14.40123465668642,-0.1704340758586066,21.20624246675942,0.2335608844340966
ES,2,0.0008520951353703,0.2878612513985295,0.0029600897350044,-0.4168925991732919,14.45241817011974,0.2569756465484197,11.980148646807796,-0.026812872791724
EXC,2,0.1135930860550937,0.2891689012083274,0.3928260804686508,-0.4003640684681166,15.82470109883909,0.3174239694787963,19.316226546553107,0.0918831328850096
EXE,0,0.3784710802961528,0.3590110025448175,1.054204683459265,-0.2968563244420844,14.38313047636977,0.0112328672435936,1.6265061604058637,0.3356318230237742
EXPE,1,0.259865822888542,0.5020064175508405,0.5176543840940523,-0.626876131859337,14.8263500785263,0.1398778370604534,10.159489352345537,0.2286055052803519
EXPD,2,0.1225057697344238,0.2624586894531169,0.4667621025986533,-0.3562257115694202,14.051856355721691,0.0061998700339824,6.57340865499139,-0.118348174720457
EXR,2,0.1673036999722164,0.3151850166379366,0.530811082826325,-0.5136486914174727,13.826630551975317,-0.4331358537723784,6.879846001504115,-0.0434018223036238
XOM,1,0.2067594632569758,0.3438549841507104,0.6012984333138351,-0.5498586380151664,16.924838458843215,0.0515469130797217,4.571386054394472,0.0938949733618781
FFIV,2,0.1812179587223665,0.3139490632998333,0.5772208931526466,-0.4741706597464913,13.306434936021745,-0.074936550237195,6.582935839433347,0.4106604187871863
FDS,2,0.1834861785382644,0.2899571936083317,0.6328043676202558,-0.3356470558652759,12.475684760084404,0.380033308579197,10.708637900739308,0.0212630381769916
FICO,0,0.5178011903173185,0.4144442346704006,1.2493868824815857,-0.5090092162690399,12.304165415305835,1.3523815204919305,24.22574096345004,0.7299250071049763
FAST,2,0.2168249666429977,0.2744158004814644,0.7901329524851588,-0.3070599730470178,15.742904435034472,0.3172516299487953,7.192711301202753,0.1354154246516379
FRT,2,0.0876102272034358,0.3714507663990012,0.235859594671902,-0.4927994430366516,13.348713065094753,1.3822211290109536,41.603170929665865,0.1104034980179156
FDX,2,0.2297978113406273,0.3732143116845249,0.6157261502202884,-0.5369964742214756,14.708610389050556,-0.4918821017025961,13.87375302891397,0.1317899984815509
FIS,1,-0.0241678684416315,0.3583686866632996,-0.0674385607365805,-0.6788295922335226,15.257423957034966,-1.7891647416341507,25.55456411940438,0.3665570720865441
FITB,1,0.2239067185467436,0.4439904442770035,0.5043052647481063,-0.6166228336735935,15.554775885805451,-0.0433993028160373,9.95013662239944,0.2740798877239208
FSLR,0,0.4437892205165759,0.5325088043879431,0.8333932075107376,-0.4931484081621553,14.626335480597795,0.7366088776221926,5.617989740289275,0.0336081297071477
FE,2,0.0517226890058186,0.2955609028540837,0.1749984132081021,-0.4768342340243223,15.2149409644425,-1.6566175281672697,30.71059040034828,0.1284408479817529
FISV,2,0.1758866850683478,0.3015327173744258,0.5833087918281915,-0.3784809074231566,15.114112691375803,-0.3969807594080784,9.939341707049,0.5527703248936744
F,1,0.1653211226478623,0.4451907101477697,0.3713489946656529,-0.5642450211221475,18.037315128709857,0.1504925124314065,6.991445957399158,-0.1327723587824397
FTNT,0,0.4899540113131708,0.4557311821895559,1.0750943329337082,-0.3831589286155515,15.636964203569704,-0.087640998501104,15.076578054349405,0.6253203355108761
FTV,2,0.0808304868723812,0.2978984133955517,0.271335741439663,-0.4703826434120874,14.940676175361768,0.0085055519730665,14.024240475828863,0.0233723921453634
FOXA,2,0.1344994460699888,0.3366029194382071,0.3995789647174465,-0.4828231142003868,15.105380813282476,0.0431525638980247,4.251732491878393,0.6719808295366512
FOX,2,0.1222286707592965,0.326123412202397,0.3747926894725351,-0.4827124033274544,14.049721779980912,0.0414901206583595,4.472368919940065,0.6950496435221132
BEN,2,0.0749023753503892,0.3824699549311558,0.1958385864946479,-0.4243298239416719,15.080757280049973,-0.0332844068581412,4.7179789784812005,-0.2785350724107589
FCX,1,0.4253298115172332,0.5127303796234653,0.8295389320008372,-0.6060830483322138,16.67478908635387,0.434559479720888,7.638291329334399,-0.0922248641203956
GRMN,0,0.2427880937813944,0.2992460014413776,0.8113327917898904,-0.5463191993619796,13.681158497473788,1.6986049770471745,23.221637968609063,0.6420323371159802
IT,0,0.3303260489794579,0.341709447910639,0.9666869060812217,-0.4919743987608952,13.13347191978396,0.7928050915235626,9.893447773779684,0.0761234022091232
GE,0,0.3372528783904944,0.3941250444427794,0.8557001975535662,-0.5824123155763747,16.247772567349372,-0.0357554013131281,5.357305511365059,0.6612004811875327
GEHC,2,0.1950386410356366,0.2954615940505724,0.6601150368201595,-0.2803724909590205,14.903656135321867,-0.1773938911561609,11.077176131926718,0.0180264143925157
GEN,2,0.2149527693170296,0.3239451229317882,0.6635468605659217,-0.4840536013377625,15.453764689158026,0.362744535670611,8.10802768979913,0.2240694303747332
GNRC,1,0.2520514360484898,0.5278663002248003,0.4774910539679264,-0.8374851741161219,13.860109631478837,-0.4698272638487288,5.965655113145575,0.1973073268040737
GD,2,0.1430548198889605,0.2504068306044978,0.5712896071709272,-0.4372590591167827,14.043970244006667,-0.2634487618886816,6.990042211427324,0.034785028515136
GIS,2,0.1016502535786765,0.2239305388912508,0.4539365380085194,-0.309116585475312,15.174711293884474,-0.1233039015435226,9.7544916002566,0.0080952512457681
GM,1,0.1890824784017699,0.4315398977760221,0.4381575825925313,-0.5895943785886244,16.602748336693328,0.065209918194621,5.577676469094667,0.5093988163306424
GPC,2,0.1062368281094283,0.3295873325779945,0.3223328617591459,-0.5135737551905655,13.709686343165645,-0.3865006994572769,23.8009502358068,-0.1392213171008406
GILD,2,0.1550050486309715,0.2623302422768032,0.5908775415509079,-0.3046811564303872,15.953619473466826,0.7259706972543983,7.975613693100968,0.1821994036559138
GPN,1,-0.0215586594371687,0.3855922035971197,-0.0559105169556124,-0.5697410462056812,14.549586958887936,0.083182739193369,11.461424304310942,-0.1194407933483435
GL,1,0.1264449706735302,0.4146855727130736,0.3049176990804528,-0.6162254747165895,13.464426480079652,-6.315056709605104,142.47849044227172,-0.0883263230432884
GDDY,0,0.3225626016451937,0.3615440981284984,0.8921805204812109,-0.4652379321936707,14.1534811914462,0.0988080954642943,12.085624138033772,0.8787678039561888
GS,0,0.2953404023206922,0.3312774833603464,0.8915196992106956,-0.4562100745603091,14.808230712927331,0.3352129409829065,10.546495769940558,0.5227824183591154
HAL,1,0.2119312114710516,0.5538142455822205,0.3826756230299747,-0.8165144564723745,16.245033935475043,-0.834534230916406,17.747197427158383,-0.2384212651830372
HIG,2,0.2300617006140126,0.3657437079552047,0.6290243567011411,-0.5685197094326309,14.53849128349174,0.7270732981883351,33.12433540328139,0.3837658037255627
HAS,2,-0.0204257810775658,0.3694931807088858,-0.0552805359990089,-0.5743659124540486,14.116961233893702,0.2813170706339856,14.135785229526626,0.1435042296588455
HCA,2,0.2493235534337339,0.3811082369571125,0.6542066774111502,-0.5473993638857153,14.26281597301936,-0.0096080044401072,18.49568082780143,0.1110956082370477
DOC,1,0.0053979880996937,0.3458387626382113,0.015608395249033,-0.5406929744477122,15.28070098529416,-0.5994193958854064,16.025540136401254,0.0723400071630722
HSIC,2,0.0522882282318175,0.2998118963822408,0.1744034471706,-0.4141907361077168,13.92164802522021,0.030852787213721,4.3420933324408,-0.0863822611889137
HSY,2,0.0870029952413364,0.2434426172773776,0.3573860493875876,-0.3620015350582977,13.995669451453749,-0.8239546260946031,19.42767784653376,-0.0688133715878454
HPE,1,0.1766933010913438,0.382781829263768,0.4616031576817291,-0.4980809536362289,16.30659627037351,-0.0752299015732405,5.6127211398617725,0.2943847730338418
HLT,0,0.2464127822641293,0.3387371362455514,0.7274454315676333,-0.5082001164480612,14.62603526238936,0.070454971420048,5.464301092059442,0.3668605223367975
HD,2,0.1987933657371126,0.2887583567788174,0.6884419483290798,-0.3799372091006832,15.195006875805694,-1.005250434950115,17.206070279137958,0.1512581481219117
HON,2,0.1084391138942859,0.2717712616997032,0.3990087591163594,-0.4301034029713299,14.99417410204009,0.1459073890815275,11.137425184591445,0.103614074248729
HRL,2,-0.0155309093669763,0.2431209279216933,-0.0638814169546879,-0.4501304264411969,14.62707516456144,0.5258828981817364,16.951381914283573,0.0066334125716067
HST,1,0.1136090393572433,0.4182654408435819,0.271619474772073,-0.4887174502541122,15.91999690630443,1.3329863532821762,17.218169103972677,-0.0569453982844871
HWM,0,0.4948610216981479,0.4398819110789744,1.1249860683843915,-0.6480775369240813,14.958222905989311,0.90544223580791,13.165095801836724,1.0439197559389377
HPQ,2,0.2181246393441216,0.384962848056567,0.566612182046383,-0.4332834123273045,16.077544938639843,0.0339990921567769,9.430693576707313,0.1210181834163826
HUBB,0,0.3222653207652484,0.3219831640940587,1.0008763087721793,-0.4162582434189618,12.840538303911588,-0.0774080877484543,6.670680749196675,0.290335890548713
HUM,2,0.0022186499840106,0.362545825547424,0.0061196401328318,-0.5775011109182988,13.991011037774651,-0.729057386744755,13.901082945963244,-0.440291471046363
HBAN,1,0.1631809076289285,0.4126805800088617,0.3954169775215118,-0.5304703700245115,16.464841764496825,0.1315336217977838,7.018389475153981,0.3420699355868557
HII,2,0.0133907302226941,0.3173988715130392,0.0421889660755898,-0.4970278938740892,12.77043863473892,-2.046424001342652,27.451610636659424,-0.2588591604840896
IBM,2,0.2081236341890739,0.2669037136281597,0.7797704698819742,-0.3898012337144671,15.427732480615058,-0.4749682481147182,9.976750047376449,0.3953657756233626
IEX,2,0.0873401257257844,0.2625093288224028,0.3327124644201624,-0.3552400457228173,13.011051279582912,-0.3949486113916203,5.639857362502751,-0.0256953209302129
IDXX,2,0.1605771117699335,0.3466078082914049,0.4632818647724487,-0.5400135879670384,13.10807799748336,0.0079510751356445,2.970916150678071,-0.2563732833483928
ITW,2,0.132304619675984,0.2622477917963895,0.5045023211433026,-0.3784737020267603,13.91443100214426,0.5473801107114895,14.600304967220811,-0.0105618110570965
INCY,2,0.0038711336438714,0.3156083045442884,0.0122656266902135,-0.5334123514810312,14.360929667913087,0.2307966293440718,3.6761894606588497,0.0896639141794586
IR,0,0.2712611014991921,0.3427862972848993,0.7913417299575992,-0.5027168517739612,14.79104312194653,-0.3549093673932444,7.1600074070117685,0.1714142690917732
PODD,2,0.2059630587673957,0.4469440562604691,0.4608251432867585,-0.613087870901121,13.354891237016004,0.4512546131855925,7.069108866334194,0.2137523759667809
INTC,1,-0.0981748171175559,0.4347005594105383,-0.2258446992814611,-0.6957315472234241,17.518576092783217,-0.8289043156399986,12.27412880235046,-0.6002896301438142
IBKR,0,0.3885697273520256,0.3392904522347164,1.145242151061824,-0.3799053719616916,15.112354246906978,0.2285681803546146,4.295634524753615,1.171963848309018
ICE,2,0.1509547297305575,0.2509450484475559,0.60154496239086,-0.3431746063945445,14.816857968796516,-0.60138687092413,9.52983334557006,0.1774176552253847
IFF,2,0.0017710754154813,0.3380328460671624,0.0052393589442177,-0.5741526779612676,14.384346834540697,-0.8592129842642587,14.582424773684764,0.055226141074947
IP,2,0.1597963982323278,0.342848941389866,0.4660839773473809,-0.479907013902678,15.081767800304146,0.4973582501854377,8.407122408877447,0.5483012682684771
INTU,0,0.2840015002197469,0.376237085830593,0.7548471719441907,-0.4901005853167457,14.209953818972808,0.2112805879994352,6.281941081151929,0.0144598166236367
ISRG,0,0.2947687427237964,0.3555187288575256,0.8291229653949542,-0.4990422231080242,14.411428290395172,0.1626336760588269,7.952689372598968,0.5620110411835351
IVZ,1,0.1591369883822249,0.4631235813147129,0.3436166820321858,-0.6319596458964127,15.409986888019455,-0.2461379015044382,7.955740372440724,0.030243764242775
INVH,2,0.0940799790876831,0.3037074584208435,0.3097717111619885,-0.5053663762798735,15.118547782285978,-1.3833276920418016,22.88329388879124,-0.035494433712913
IQV,2,0.1109516300098436,0.3420042397901638,0.3244159489891641,-0.4943110005938721,13.91965662660715,0.1142493660883027,9.853471840623769,-0.146641919001406
IRM,0,0.422891933175533,0.3281236670312769,1.288818746302816,-0.3604608799677141,14.545854477765648,-0.1915405827231822,7.20043353109417,0.5239308941803962
JBHT,2,0.1419599842256205,0.3142222254806255,0.4517821233316086,-0.3690553094337497,13.544619271494511,-0.1956198008998401,6.419268978629145,-0.139178454572586
JBL,0,0.3990170646615223,0.407713668880266,0.9786698242356509,-0.5713304495461538,14.03697247701892,-0.1725769652086853,8.522075185811792,0.1314103200477576
JKHY,2,0.0898757644516063,0.2731822334371582,0.3289956426550743,-0.3356619257686054,13.188974623564397,-0.7494620961223619,7.882398884568978,0.085152361221845
J,2,0.1788726699448,0.28979028048689,0.6172486863405763,-0.3933176900312252,13.62931660483206,-0.2774527808425532,5.70158500201687,0.2412011425584455
JNJ,2,0.0443909115134082,0.1966049978600025,0.2257872993901095,-0.2736628191132523,15.914917164961082,0.4364731810587452,8.295277224624723,-0.0565396800125701
JCI,2,0.2215971286066809,0.3054624119152444,0.7254481074030368,-0.4416511337911045,15.336838839593328,-0.5906555284815854,4.791759534445314,0.4016923767207705
JPM,2,0.2064508980438417,0.3253950135354056,0.6344623901908019,-0.430619671860003,16.3905898254307,0.4481630257108464,12.938296774947917,0.4405340387334993
KVUE,2,-0.0726398260008951,0.2641801710432293,-0.2749632030066657,-0.3321729643763193,16.823564006875454,1.7304224153754064,16.1899394593184,0.0230290130452095
KDP,2,0.0738032617033777,0.2382967524876049,0.3097115715297739,-0.3355932689827684,15.789286541003976,1.2643051111833417,49.878094341769085,-0.0154436528286009
KEY,1,0.1504998572473337,0.4959837562171584,0.3034370689782022,-0.6523277683898113,16.316264608680843,-0.3476660874390656,12.095225385192924,0.2512548887358565
KEYS,2,0.1524236179711988,0.3295971384631331,0.4624543122004322,-0.4262011169084678,14.026036791136026,-0.0034572377491205,7.716368599930808,0.0130743722354293
KMB,2,0.0508791330361584,0.2141244238725764,0.2376148041217201,-0.2558533138255471,14.463628081876797,0.0843525630267417,9.011365675874496,0.1142800667583974
KIM,1,0.1786246619048801,0.4202201555545492,0.4250739988165386,-0.6097261989994982,15.41344028413236,1.0825540125977338,23.442264442821,0.1403327210522416
KMI,1,0.1839405786676791,0.3209192994087886,0.5731677060449227,-0.5512589511242294,16.52775914453981,-1.0564540097431965,21.144247187221005,0.6419549020069228
KKR,0,0.5151411379218855,0.3999157556764995,1.2881241376711208,-0.4791548508200255,15.047945153412863,0.2696035035339291,5.576046913457118,0.8022890960549294
KLAC,0,0.4464378328369556,0.4628358930882835,0.9645704654798668,-0.4028338082591228,14.011338131858356,0.1362740097479966,4.159642513743027,0.0997304112210377
KHC,2,0.0768675195954762,0.2707929969634499,0.2838608104989191,-0.3569187194371869,15.80794929847179,0.5765214057529964,20.765562516665693,-0.1395080317132344
KR,0,0.2385345452808334,0.2837829118958339,0.8405528849051719,-0.3107248620317327,15.769931042216497,0.3994355124158867,5.80425199470473,0.3709357021135606
LHX,2,0.0669908015619706,0.2797570680954083,0.2394606220963258,-0.3815662406858106,13.989950322779666,-0.0283328529929929,9.001026205019409,0.0123014062659954
LH,2,0.1606452266121825,0.3111421723525286,0.5163081089186751,-0.4657927202042992,13.6220661370731,-0.6438201577469065,15.849265582950792,0.0201042812422136
LRCX,1,0.3620848956749067,0.4879246979464696,0.7420917555491959,-0.5639315041349247,16.483092694739945,-0.0298980075409087,4.216111551056938,-0.0694792885866447
LVS,1,0.0442743993183114,0.4503202141139082,0.0983175925278634,-0.5849138527983382,15.6677379058647,0.1238480790706245,4.2896556520780695,0.048407843271929
LDOS,2,0.1437582009993918,0.3000849107693057,0.4790584126034509,-0.4228876463257074,13.707192254101413,-0.8707951381024959,12.887320743257105,0.3369314947006279
LEN,0,0.3328749461733868,0.4371947438881429,0.7613882619287701,-0.5878965943383777,14.782941061550256,0.2201264903375842,8.819510922443653,-0.0743895413861677
LII,0,0.2807643018202408,0.3177195058817352,0.8836860709608108,-0.4687593048370768,12.634234839126124,0.0042682737236013,2.506620894862244,0.3806530995456796
LLY,0,0.5212477121609644,0.3257727893728959,1.6000345307057495,-0.2412612235247811,15.008650838731564,1.3481561047478292,10.249470282729506,0.3361877650106262
LIN,2,0.2037047728229717,0.2594893989640613,0.785021560172423,-0.3258504072033002,14.463934023951737,0.0973173434704203,7.176187585665828,0.029325131472017
LYV,1,0.2542667811362529,0.4610691630144282,0.5514721033909096,-0.6122502722133407,14.691591951289825,0.1674612424950249,7.547117935074892,0.3996794513095865
LMT,2,0.1043595676233974,0.2608137638441072,0.4001305992645961,-0.3667427713354546,14.142695979089613,-0.2814621486867832,13.84400636634732,0.0943972001517652
L,2,0.1607099804934451,0.3184821110276877,0.5046122684092406,-0.4833414693721093,13.693925229497369,-0.3879535426163832,14.145786861058962,0.2165923402482246
LOW,2,0.2414678691671177,0.3263190861097974,0.7399747040412783,-0.486292129360196,15.096006554576734,-1.3816994645745515,21.80257757086933,0.1297517149796063
LULU,2,0.2048079245934844,0.4142355731001892,0.4944237962487796,-0.543507617994108,14.335369551974331,-0.309863680369388,8.469513913855334,-0.2488607612616271
LITE,1,0.1265733092185856,0.47973282157091,0.2638412539799024,-0.6688699201893759,14.052374116028084,-0.4467504569826239,6.414981938080029,0.599389531981311
LYB,1,0.0953002600343457,0.3969852926245759,0.2400599261607156,-0.614949740584478,14.569310256542035,-0.6471432600394865,16.870503417708342,-0.1859610114486656
MTB,2,0.1450181931549261,0.4084404882764288,0.3550534222669402,-0.4869681810620285,13.930357479952647,0.731908572654314,10.618162069046718,0.4207334226939081
MPC,1,0.3536178754715551,0.4714449499297906,0.7500724645034744,-0.7241950807558324,15.49603238114448,-0.3349717096252581,12.9553549463121,-0.067385133219267
MAR,1,0.2308077107202248,0.39661841311022,0.581938969777693,-0.6065996244212734,14.675158666672344,0.5063303187803385,8.833338495728972,0.2553819171014619
MRSH,2,0.1857643849844994,0.2337321484182271,0.7947746437178298,-0.3579739687808983,14.418752001463966,-0.1712078284957442,13.916059186111283,0.1351562856437411
MLM,2,0.2150587827785339,0.3489830290815081,0.6162442435798363,-0.47961532055779,13.042842273056412,-0.0415475303045326,6.026240970652887,0.048391831371866
MAS,2,0.1583448152136521,0.3124548625388719,0.5067766074338268,-0.4482965394419336,14.550380431497636,0.2992819993589182,5.82482767791722,0.0996877596849119
MA,2,0.1777598837696141,0.3099017865483089,0.5736007066932611,-0.4099720143029645,15.056445744935337,0.4268850911026398,10.13882457546478,0.2393379423880743
MKC,2,0.0327983373801878,0.2637996300365409,0.1243304904394473,-0.4117879588829664,14.221898995511228,0.1374507796198034,14.80927925223396,0.1278817320287788
MCD,2,0.1321328563391532,0.2343325590149504,0.5638689599712142,-0.3655937374826303,14.959474555279508,0.4429581181776519,34.03848790981138,0.0003642697579189
MCK,0,0.3949138327344119,0.2899246137704331,1.3621259250762026,-0.3210565427409763,14.005463521149188,0.3963533135880498,9.20724754444423,0.2385592716059605
MDT,2,-0.0089962176553944,0.2661603755214963,-0.0337999885887143,-0.4509988752218543,15.574317091438695,-0.1509394729773286,7.609186978322537,-0.0006235108822071
MRK,2,0.0846033032457251,0.2353354738080814,0.3595008516001292,-0.2708006861798418,16.14389095511226,-0.2307081430745857,7.397007859674179,-0.0730601887195269
META,1,0.364350016171395,0.44915272789772,0.8111940405588808,-0.7673609445664671,16.958248725568012,-0.297335442524638,18.082585185631817,0.6767388612517107
MET,2,0.2074187222062105,0.3515640881932606,0.5899883667645512,-0.551553266952522,15.370045577723616,-0.2878897728261149,11.751295267130873,0.270983335833054
MTD,2,0.1466702275702041,0.3278135209541522,0.4474197011254984,-0.4347412506347187,11.753148168084678,0.3486803655106659,6.2110624643284975,0.0057380979026158
MGM,1,0.1734786357951545,0.5522369439472818,0.314138048344182,-0.7917512061423048,15.90131133083286,0.0246652284206754,18.78636760969271,-0.2311996813003165
MCHP,1,0.1361847853282376,0.4442250421669288,0.3065671054110964,-0.4968347574062005,15.457239276602603,-0.0591156494737236,5.186093932500986,-0.3522103626511316
MU,1,0.2241985925163161,0.471571895867816,0.4754282315822318,-0.4962753552841611,16.799820755542413,-0.0388379845234209,3.796643594369127,0.0039187860495288
MSFT,0,0.2847666047089814,0.3050680761881782,0.9334526518380308,-0.3714848796120873,17.17083188912195,-0.0178423572301586,7.115674983834625,0.1381946835618803
MAA,2,0.1147265601566804,0.2882958360640437,0.397947336746114,-0.4539919569787406,13.43622377972248,-0.7102472739181024,12.420936699143388,0.18757455128851
MRNA,1,0.5194010515740577,0.7471790781023253,0.695149351469028,-0.9239375020511664,16.057672205918813,0.6319559537561616,3.9435015213332143,-0.6040220987778393
TAP,2,0.0878769008978215,0.3133562765540167,0.2804376598554368,-0.4310836567542873,14.460726017013544,-0.2549682513926551,4.854633756678785,-0.0416672082666043
MDLZ,2,0.0668358157750401,0.2205649219814963,0.3030210569051735,-0.2974196295307144,15.753238776996628,0.0978171090205301,12.41758649467734,-0.1620473586209847
MPWR,0,0.482496785057567,0.5371569180809992,0.8982417778054385,-0.4596442529810157,13.136719633983162,0.0780583422085361,4.226577617630474,-0.038432050758978
MNST,2,0.1460356388010619,0.2681208218946171,0.544663550443912,-0.2759943165346857,15.471877221076864,-0.0011905052423464,5.391263556867742,-0.0881791664161498
MCO,2,0.2134071919033595,0.3165935900514172,0.6740730027689462,-0.420171851419113,13.56684641393845,0.224474579286836,13.068489306602704,0.2221051936710734
MS,0,0.3135321618856204,0.3572857860429475,0.8775388614198392,-0.5132583178376271,16.0538814471605,0.6422744781441722,13.768848496042544,0.3976450455166267
MOS,1,0.1907944880895815,0.5162157226996837,0.3696022412718706,-0.68071438310171,15.43764366785101,-0.3331930709350275,7.554067063466539,-0.3081346696640339
MSI,0,0.3020084699692016,0.2794800557006719,1.080608307494607,-0.3280865539762289,13.640006368621542,-0.0876141007840247,7.897691249043643,0.4955936933182607
MSCI,2,0.2692229576383105,0.3633059357181287,0.7410364961589492,-0.4374484318587888,13.082304520495216,0.0697286122792884,8.452329902139343,0.0724293407608795
NDAQ,2,0.2302957206901215,0.2787618348235682,0.8261379138786286,-0.3831091802549076,14.774777483983272,-0.0360902267365984,10.39263769937353,0.3500676673012193
NTAP,2,0.240900574930053,0.3609377952434318,0.6674296183573111,-0.4593146803703898,14.491265550566972,0.410285199229815,9.114873964544635,0.346374476910646
NFLX,1,0.3618012609297312,0.455390557734283,0.7944856448710987,-0.7594731825161353,17.9655761975544,-1.2724331201013404,23.37040405318565,0.8493879349229316
NEM,1,0.0706018508489807,0.3677233432595005,0.191997196107176,-0.6240275307827563,15.963063402886869,0.1113391510601065,5.96052555569838,-0.0837691955531272
NWSA,2,0.2173454487056549,0.3370808450025257,0.6447873022984335,-0.4509296900931965,14.843827818562744,0.0877903048139404,5.605413317886052,0.1278668674278129
NWS,2,0.2375433031300353,0.3420212293184091,0.6945279496346447,-0.4610922687028774,13.532172704503935,-0.1235271169204099,6.569637920604153,0.1878801712055504
NEE,2,0.1129544835489766,0.3041365877441297,0.3713939331890095,-0.4496972827936299,16.048950489327133,-0.1713334222433512,7.593557991125326,0.2158316013470806
NKE,1,0.0095815738282387,0.3479596025281718,0.0275364546879059,-0.5861650456283709,15.913080469199375,-0.3303192148145031,13.01782930092001,-0.3006307268425791
NI,2,0.1411938321318082,0.2706997813653031,0.5215882754676865,-0.309500175406874,15.207309853738892,-0.3467012913349811,19.851741872060533,0.4325080107693599
NDSN,2,0.1113092820346495,0.3128782984609596,0.3557590366036156,-0.4423665295546987,12.432208708442396,-0.2729260512262279,19.806252958660394,-0.2030218831973647
NSC,2,0.109080668245002,0.3128648950272628,0.3486510310960162,-0.4441884936478191,14.10318426413902,0.3613512964638087,12.207019859052345,0.0102762866219707
NTRS,2,0.0886732910631644,0.3531220056918159,0.2511123340768326,-0.500260239415045,13.94305924029162,0.2411189706695968,12.424987293309815,0.2592173447762984
NOC,2,0.1146303608422578,0.2750395129171659,0.4167777917668915,-0.2962710347438325,13.69576097048503,0.3355675709683017,9.338305944999002,0.0133006743393113
NCLH,1,0.1589756375953914,0.7885046977776539,0.2016166017063098,-0.8697401545320074,16.80385569954865,0.2205957215294146,10.81364787643085,0.2849300810185318
NRG,0,0.3210727831330868,0.3759654421536102,0.8539954664288119,-0.4510733546300612,14.962640846582165,-0.4221330954830874,8.032545637436586,0.824011771775516
NUE,2,0.2890532150222069,0.4140196141056754,0.6981630946316186,-0.4774774927941356,14.640654688769423,0.0020947825272945,4.151402983323248,-0.3276842257776509
NVDA,3,1.1655239935825756,0.5388738191856185,2.1628885132033173,-0.6633509283906819,19.91845201853777,0.4141292573756785,4.012150180638796,1.7771282890675066
NVR,2,0.2514417267309885,0.3670118294131374,0.6851052379784356,-0.4613363342936262,10.01887408830597,0.4058319268376837,17.566268871570024,0.1679905910069121
NXPI,2,0.2309921314979317,0.4362807138840502,0.5294575812015431,-0.5325957809888083,14.767465482732812,-0.061430940591721,5.363877591994509,-0.0813645224926825
ORLY,0,0.2681620199348555,0.2762443179745392,0.970742210739594,-0.4084385743755039,15.824577607359188,-0.8216512939908567,14.473238775171442,0.2419163938584854
OXY,1,0.2813264875443571,0.6267686423298293,0.4488522056537609,-0.8061084207348933,16.753363800302793,-0.8432791606345083,31.22866705770233,-0.1752678006490242
ODFL,0,0.3119669975483587,0.3553077489129216,0.8780191214597328,-0.3610270814153731,14.26422104335591,-0.0356167307134593,4.342645948872437,-0.1206924650767128
OMC,2,0.1082043543670265,0.3224569543610738,0.3355621669919509,-0.411674158952408,14.423359075819958,0.228801257650534,7.867453697863684,0.0222842459178262
ON,1,0.4170669324614766,0.5681474164612742,0.7340822476307161,-0.6701795654774081,15.765791799097716,-0.0583927001355144,7.37992249323973,-0.2402729556821042
OKE,1,0.2877476590943784,0.4879736766775192,0.5896786504009282,-0.8017286190634161,15.041934422066095,-1.6182596805771947,39.61120430978608,0.5066935150101808
ORCL,0,0.3434480458898352,0.3282636816054881,1.046256607523813,-0.4036480565879437,16.125149729538297,1.0400729142231255,17.202734570379818,0.6024957867391065
OTIS,2,0.2177352793555469,0.2573944048143798,0.8459207942479048,-0.2999219070325692,14.665778887423349,0.450544329626902,8.054982289382238,0.0512092468776568
PCAR,2,0.2330089430511284,0.2765711731731282,0.8424917910923033,-0.3652141329629303,14.83238226965213,0.4906905026986937,7.708231025156383,0.1037418670560885
PKG,2,0.2421403416264169,0.2949131136089679,0.8210565432755779,-0.3177752419665715,13.42013363145842,0.501020519199469,8.865685175823643,0.4159122790457845
PLTR,3,1.1021972317741882,0.7168822531537578,1.5374871213861498,-0.8461538461538465,17.822181260746156,1.1330988072028685,6.248049211439075,3.4950495027507698
PANW,0,0.4916233956516198,0.4200624678510212,1.1703578236034606,-0.4680202336611507,15.919595285426544,-0.6684631366373437,16.138019485524335,0.2493217166178807
PSKY,1,-0.0682078394063467,0.5988001187442834,-0.1139075248504999,-0.8951478769014746,16.484184284432693,-0.2583341712888434,11.413033359437629,-0.2878772921849999
PH,0,0.3560893757487602,0.3652182059080595,0.975004449363082,-0.5468226951009781,13.64479737148556,0.016091968327223,10.876181421061832,0.3975151959307419
PAYX,2,0.1880313616456703,0.2947284254740977,0.6379817669205291,-0.4415381714551876,14.429589652886053,-0.3430504601505937,20.783536126341623,0.2108117982756179
PYPL,1,0.0507980304519739,0.4483396848284178,0.113302551995625,-0.8366771300854225,16.356021678545094,-0.408658621187031,7.756603340460668,0.3911414929181316
PNR,0,0.2516060756883069,0.331219266118236,0.7596359917013119,-0.5148270734073336,14.100753704831856,0.046527629020254,10.945231997893924,0.396398261318551
PEP,2,0.0783034492785781,0.2203539946337648,0.3553529828616036,-0.2881712749287568,15.441272398228454,-0.1596257910382446,20.71266703103513,-0.0780819829494937
PFE,1,0.0123345455858483,0.2748278087346734,0.0448809952771426,-0.5481803448168858,17.27058033090617,0.3694614599557377,3.899148391924848,-0.0262250162841881
PCG,1,0.2348360905781503,0.4147904587682917,0.5661559604709552,-0.5995563831438149,16.629531661139467,0.0480457127204797,21.828397611602927,0.118362396287819
PM,2,0.1671720965224612,0.2501440479080222,0.668303315311865,-0.3188830974855318,15.42384108294887,-0.6251857868632401,11.551715677661551,0.3395589811770803
PSX,1,0.142389536572199,0.4277875331362152,0.3328510663419909,-0.6081340169658354,15.020569171312292,0.2887033827662827,7.817371203236885,-0.1313068287586383
PNW,2,0.0763627381310458,0.2768638936713923,0.2758132782083902,-0.3927607846587582,13.79529310986477,-0.5488031254212851,14.039340767340882,0.2349907799804806
PNC,2,0.148598000212156,0.3600189893035475,0.4127504510237561,-0.4947677037252836,14.621711333392676,0.0925661558813051,7.264190841793368,0.2917653530602349
POOL,2,0.186630640309146,0.3678718589467004,0.5073251344734858,-0.5052002358480013,12.801476536603586,-0.4994191466230935,6.78145503469033,-0.1380184863278695
PPG,2,0.04548536484774,0.3037498283920118,0.1497461417131659,-0.4430878145733993,14.223352963326152,-0.1718920434259536,6.1193361957985815,-0.1870498843419967
PPL,2,0.0639307547816672,0.2695517494341748,0.2371743270665703,-0.4872590185703072,15.46679449420506,-0.1702886024904795,13.274115204499877,0.2372516052153224
PFG,2,0.192561890130082,0.3800833597092448,0.5066306777476066,-0.5716094529536471,14.197741621632108,0.3156733354288917,14.211929246448827,0.0163468253497185
PG,2,0.1134117067603608,0.2093192250440136,0.5418121853666986,-0.2377248057376547,15.79197010656062,0.1625736517820998,12.614303166054402,0.1686216258255826
PGR,0,0.3432384068382645,0.2739822570694034,1.252776039257599,-0.2290777960076565,14.812701529579234,-0.0078536924267371,7.746531615846282,0.5138651597343573
PLD,2,0.1174742128684185,0.315604148663463,0.372220116135686,-0.4205869515258486,15.018537889038084,-0.3499042580275821,8.52906335782726,-0.185878250362974
PRU,1,0.1821696595434139,0.3795203230680471,0.4799997482895041,-0.5913834073600809,14.526488136879534,-0.2645762071075214,16.215127638575165,0.1907538310843581
PEG,2,0.1509452083466769,0.2572034453336274,0.5868708646218976,-0.3975867294630831,14.756237494228904,-0.0925041412384251,6.8817236997546445,0.425941125407111
PTC,2,0.2651420773050814,0.3447600588493926,0.7690626292093421,-0.4532836914766615,13.581178912233216,0.3264776602089021,7.065748967349682,0.0497256322267427
PSA,2,0.1572270715240074,0.2680155981782858,0.5866340339617803,-0.3792855403108572,13.628059904207658,-0.5956912412811141,4.55914797201402,0.0085487966883517
PHM,0,0.3651628238910813,0.4311371164653891,0.8469760777842841,-0.6211059448142114,14.802750238126867,0.1060100794915129,10.964898507996452,0.0618488440064179
PWR,0,0.6171926421113547,0.3676288302359583,1.6788472267401249,-0.4240076765198479,13.937231023550032,0.3185372556456052,5.278807439614054,0.479604170472897
QCOM,2,0.245637447512272,0.4151472610323792,0.5916875060223838,-0.4428841945300084,16.023705530381132,0.1461172998905458,4.049137844323493,0.0898731664809351
DGX,2,0.1357132555375622,0.2661219090984058,0.5099664886568154,-0.3660097010316264,13.938152791925477,0.0569048575950313,8.093023671444916,0.1184851070812589
RL,0,0.2764003490006868,0.424768012236329,0.6507089541547336,-0.5019783671706266,13.823516684379689,0.2812356169150469,5.920376472245664,0.6372722563431541
RJF,0,0.307633801006556,0.359442413791385,0.855863941491062,-0.4558562129346731,13.992629282876427,0.4760090080995726,8.272933633609597,0.4083153232034322
RTX,2,0.1215818307922023,0.3285162351301139,0.3700938273082544,-0.5198195550210897,15.751160844363982,0.1493301053263417,12.363825429309696,0.4015373194196008
O,1,0.0416563121369752,0.3129281009248991,0.1331178376561731,-0.482820371766691,15.264010199581191,-2.2032757119344795,41.71419902991495,-0.0334863140474009
REG,2,0.159544430277591,0.3794321519881262,0.4204821058036845,-0.493247402358841,13.88517531536261,1.949777247152518,45.62905702924587,0.1408798342850508
REGN,2,0.1898463849951011,0.3079921082044655,0.6164001607114832,-0.4159814823052633,13.537377920394643,0.7619814716634763,10.200138814185811,-0.2000478824303033
RF,1,0.2211193711817645,0.4314747916808989,0.512473440963604,-0.5563954309355642,16.009090449122812,-0.184350826596366,7.815221339921788,0.2775940213139174
RSG,2,0.2225440618725869,0.2221803374709685,1.0016370683641882,-0.3402372309295605,13.995367665953856,-0.8742313923906687,12.26142475093812,0.2303659911490527
RMD,2,0.1637307313055769,0.3616551785552461,0.4527260800181396,-0.5399202283047295,13.531894048541105,-0.2559935561556592,14.677671252422504,0.3466006327191986
RVTY,2,0.0842222685603353,0.3301543979131077,0.2550996415395367,-0.5900624220395341,13.6493245119069,-0.3458024900824814,4.8831158539424,0.0209312730624715
HOOD,3,0.3348532360854777,0.736064896935806,0.454923523020119,-0.9021167789994492,16.475486997754118,1.7159116677408337,20.232291108803945,2.0047095343030072
ROK,2,0.1566606131219305,0.3496060739104453,0.4481060965836096,-0.4509038002589974,13.589996021332912,-0.5770703123602109,13.68967695993345,-0.0628020043931625
ROL,2,0.2211896156961905,0.2821331746720398,0.7839900995453941,-0.3031654113383914,14.361066944038058,-0.4459402886002386,7.002815773273118,0.0769441749184749
ROP,2,0.115689517773488,0.2561596469493388,0.4516305325653738,-0.3524812957743477,13.147888571685142,-0.427379646852393,9.715183430846444,-0.0411078091830772
ROST,2,0.1431382376939678,0.3776896869543701,0.3789837070961929,-0.5141371857593539,14.72464656977425,-0.3761010139789055,16.367161717676943,0.1055709111521345
RCL,1,0.4003795449272982,0.6676938071633142,0.5996454372226454,-0.8330125698769102,15.544852560900718,0.1245418307865907,9.965699989867243,0.8058141055739156
SPGI,2,0.1837149733574679,0.2931170069547144,0.6267632685873161,-0.3976039539918162,14.197876830462157,-0.1203420853801222,11.764054392600167,0.139330248737322
CRM,1,0.247411878740565,0.4003304042319725,0.6180192064482856,-0.5861723984943165,15.739177279361302,0.3936395782936899,14.717030716258137,0.2830248872327239
SBAC,2,0.0285748489363844,0.3143927744352754,0.0908890129161258,-0.5079282067320591,13.53473563347405,0.2601708933654525,3.4163029443246984,-0.1836799369452967
SLB,1,0.1405696130012566,0.490514319408743,0.2865759620854629,-0.7004411152144496,16.343353383395424,-0.2963769203670533,8.895597869559381,-0.2551403017814846
STX,2,0.2034611328100779,0.3842460702979464,0.5295073874205483,-0.5699184055156137,14.776395053293152,-0.1244112531720689,3.947356443182022,0.0432579958237326
SRE,2,0.1095156584916141,0.2791047689935142,0.3923818961837913,-0.4500092771585917,14.918730145586489,-0.7808852851230226,16.818434584264892,0.2059616588697108
NOW,0,0.4199187177540329,0.4248720660892734,0.988341553303719,-0.5129750704386903,15.834884170924536,0.1097046023971971,2.9536779436719787,0.5112739530195443
SHW,2,0.184988205556325,0.3006676833412495,0.6152580267376739,-0.4245855311598341,14.239505448759363,-0.3721626014185161,13.101022206158277,0.0951869500310662
SPG,1,0.2296532960875965,0.481299293964973,0.4771527799172498,-0.7003269138047326,14.825684527319677,0.0936376568716726,20.52232355804928,0.2593349011077013
SWKS,1,0.0436441153212714,0.4145606868590415,0.1052779887353652,-0.592321757755447,14.536407834742274,-0.0262693605216277,5.770497483300742,-0.1909950609916841
SJM,2,0.0787366124234865,0.2439471548155047,0.3227609376425577,-0.3205752222423689,13.817580274495178,-0.0717406817131804,7.007809560207308,-0.0980609668459935
SW,2,0.2555717875793226,0.4885255363390734,0.5231492901978754,-0.5457330722246023,13.168641830570628,-0.1984997796990765,7.379278482027312,0.3702516603349408
SNA,2,0.2385337888380587,0.3082764599514471,0.7737658232990845,-0.434297869981569,12.8283976037894,0.1378678247469184,6.410280749311639,0.2084447142957755
SO,2,0.1387411039125625,0.2657467909393663,0.5220800726215287,-0.3843486803533106,15.314687619490629,0.8813909781720242,22.422626735297925,0.2180774614060665
LUV,1,-0.0002640340533984,0.4171855420083647,-0.0006328935852556,-0.6456593386544803,15.987000392823676,-0.1073905634913492,4.783480791748646,0.1889975638970766
SWK,1,-0.0358402827277836,0.4120010294500447,-0.086990760133839,-0.6645045404588772,14.232446962392816,0.0708687047205409,13.798786948205066,-0.1567413334606967
SBUX,2,0.084684649686634,0.3398392034142132,0.2491903489528137,-0.4368290543523321,15.94150719435394,1.046230335947559,22.57784457594859,-0.0319487883964665
STT,2,0.1557191340443324,0.384504881025596,0.404986104803092,-0.4788953480660421,14.709822261222971,0.1000767757849417,11.582090802274973,0.3035223010975687
STLD,0,0.434823813237994,0.4426825956710725,0.9822473652455996,-0.5422327078546442,14.4334384982343,0.1825248030838855,6.855872302851836,-0.0262148865185376
STE,2,0.1181502976013433,0.2894661108069045,0.4081662522496748,-0.3617966459798635,13.164595469244416,-0.2846224371221851,6.614045448607671,-0.0582330697347676
SYK,2,0.1815740472295397,0.3075489917303749,0.5903906438058618,-0.438027519558908,14.136079049662428,-0.1040217975504765,9.397368955860893,0.2180389493210861
SMCI,3,1.2312515094395633,0.766881220299383,1.6055309177591996,-0.8484096025557226,16.99747851865723,0.9464861621239352,12.915429563671104,0.0792935925876296
SYF,1,0.2903596832494086,0.4686980406524313,0.6195026607007481,-0.6462165425042417,15.527434773538353,-0.2388341989767135,10.51996257516196,0.7414640963028565
SNPS,0,0.3670443149245734,0.365567469878176,1.004039869977735,-0.3425056079446691,13.761136135584756,0.0051209491636889,3.486890691910709,-0.0547085595140515
SYY,1,0.0786025237937715,0.3757864105456872,0.2091680848161357,-0.6321242757951083,14.880763717553204,0.2338226670142024,20.325638993219947,0.0727361327425368
TMUS,0,0.2819922478188197,0.2743719220888545,1.0277737083005796,-0.319858139229321,15.409731373520044,0.306708587508383,8.979318623968759,0.3965898320579359
TROW,2,0.0851937226236694,0.3501737057202252,0.2432898907941871,-0.5701454529452071,14.14020312862059,0.456681081462979,9.08692798541549,0.1042942524430712
TTWO,2,0.1532752603925096,0.34475058433091,0.4445975361868794,-0.5614043250163611,14.375840993117295,-0.3094429540290015,5.894757193847278,0.1465672369380448
TPR,0,0.3964597964026772,0.5089657489677708,0.7789518198557251,-0.6359331159624961,15.208579601339125,0.0509166525144994,14.544175242499245,0.8417551220296295
TRGP,3,0.6717633138532384,0.5883567642397842,1.1417618606309792,-0.8845391121089314,14.58030281125778,-2.6862323684691147,50.73980598551451,1.0925356797812973
TGT,1,0.1084398876419443,0.3587626564973028,0.3022608002200463,-0.5886997432716694,15.300894347625638,-1.211608045400008,24.77834618840418,-0.0236167104321284
TEL,2,0.1557874577257201,0.3114036162314521,0.5002750437230966,-0.4685386824979489,14.335295081630038,-0.466350197606895,7.876563056992744,0.0343916361687182
TDY,2,0.1094414388239743,0.316169591712499,0.346147895599942,-0.4894686242648436,12.468042282902063,-1.2798047278674884,19.87777597786758,0.0424387776530288
TER,1,0.2575523738465692,0.4563974323905975,0.5643160008537226,-0.5752117384039684,14.441352061554364,-0.3802603068432357,4.626623745668391,0.1723226775079738
TSLA,3,1.1411010316977452,0.6718943700509346,1.698333968196878,-0.7363221744219122,18.648307729358454,0.21095469005068,3.1212797714651552,0.6798535529588621
TXN,2,0.1636876774553854,0.313587053895161,0.5219848058845881,-0.2985071334503871,15.46367525585697,0.1474707259942421,4.074911059989385,0.1340796709381548
TPL,0,0.5636313970630336,0.5230207788132177,1.0776462807882414,-0.6142758148032507,12.74368436092617,0.3811757037976006,9.734615616747917,1.1560075917081545
TXT,2,0.200000608146347,0.3911908097192605,0.5112610091476284,-0.5744289514737269,14.07123397951027,0.0910187194252774,9.08902951125167,-0.047115758237414
TMO,2,0.1439630253990715,0.2798316592203087,0.5144629660567852,-0.3507166809269229,14.256278793892276,0.079041201531482,3.293142835642798,-0.0198539061802339
TJX,2,0.2190545348749983,0.3140951776509173,0.6974145114652276,-0.42553528054864,15.650291239366696,-0.4038998982055968,14.672795442250258,0.3086626737885187
TKO,0,0.2815123259999323,0.3804224821221346,0.7399991830912686,-0.5401411090468266,13.775361900263466,-0.638416292273289,15.626967905592778,0.7574159407546239
TTD,3,0.6950687168485976,0.6849194712918221,1.0148181588963052,-0.642690795344566,15.816725713758649,1.0444272138591075,11.68810268963716,0.6699555266514072
TSCO,0,0.3108112919152952,0.3052439853626357,1.0182388738832822,-0.3249148030759178,15.579594612905035,-0.504723344224515,5.475365261110266,0.2431939983006237
TT,0,0.3731174900200327,0.3083433692103956,1.2100713920831518,-0.4052556621848518,14.098693182699783,0.0872336579496366,5.77021551123493,0.5359543917259073
TDG,0,0.3079346570446788,0.4033291902235356,0.7634821989303907,-0.6264192364431759,12.69928868723717,0.1242894939034045,18.090584575521294,0.3358332204303746
TRV,2,0.1947694056084941,0.2938616077958295,0.6627929625424798,-0.4182103199686428,14.159791092926527,-1.3376579910000543,20.38019879655451,0.2821321744150884
TRMB,2,0.1946941295304052,0.3841615123762232,0.5068027984535167,-0.5735478565163721,14.09439486096066,0.0390753197617174,11.124286758832602,0.3238721672019073
TFC,1,0.0837945931858292,0.4186903934525592,0.2001349792022964,-0.5911312350697858,15.842964627478516,-0.1677631939069566,8.480598060935117,0.2368971713996059
TYL,2,0.1950144662335962,0.3176440695376283,0.6139402083516458,-0.4785199676949445,12.441736080979206,0.0932530416852049,4.589445020453757,0.384865552447581
TSN,2,-0.0138658298277049,0.3117673763580261,-0.0444749222631354,-0.5244751152250808,14.76486438207974,0.4328138546495916,23.11617370293217,0.0989050006456309
USB,1,0.0749294527856019,0.3800519830491047,0.1971558000683307,-0.5213488515178785,15.992625207883764,0.1527836771453987,7.061811027452077,0.1543136531975559
UBER,1,0.323496254237285,0.5451036213031787,0.5934582739771621,-0.6761633588850027,17.03278328186459,1.2761887982290494,15.392314790972534,-0.0129933285857689
UDR,2,0.0736565265862772,0.3086988236909291,0.2386031981126772,-0.4443540860385305,14.5892812877657,-0.0843714158943018,10.55157905966208,0.1736090103496963
ULTA,2,0.2134048120932532,0.414371996945333,0.5150078037763907,-0.5735049915897913,13.692295518982997,0.3422660960745036,17.561004602156373,-0.1114104316942858
UNP,2,0.1104531837051308,0.2757948804806751,0.4004903336589319,-0.3871933854288596,14.884791949331486,-0.0404311898818025,11.469367862448632,-0.0520646299622792
UAL,1,0.2329748478322246,0.6172825768382124,0.3774200934449613,-0.7779264129987876,16.501124394080183,0.1228013622325719,9.367046624484018,1.3802715239864125
UPS,2,0.0988853002446472,0.3024317756414315,0.326967297119888,-0.416465720069291,15.121201151843382,0.4453904719622904,10.007074764478004,-0.1645066312409613
URI,0,0.4842719674465587,0.4548887390946737,1.0645943190644025,-0.5800496003489903,13.599592784381896,0.2003679655538798,5.803968811454398,0.2423818139972318
UNH,2,0.1855846835004682,0.2989699031257387,0.6207470436327375,-0.3589987335232217,15.066747101829517,-0.1625481545498134,12.642827330914413,-0.0203609793409533
UHS,2,0.1397157947832021,0.4010985284412858,0.3483328530926143,-0.5412386845170177,13.434062507294785,0.0906680004853002,17.794839784018766,0.1749396989574758
VLO,1,0.2277804505338607,0.4853428083488234,0.4693186890082678,-0.6593729506371745,15.21596926791898,0.7904106910587889,12.929820276744234,-0.0533234862730219
VTR,1,0.1595239165097157,0.4440336041589906,0.3592609095698005,-0.7308485419985064,14.741480806450156,-0.883537346409414,26.863603450963268,0.2051531393386219
VLTO,0,0.2832478973593664,0.2319498918952093,1.2211598593343282,-0.1342650418398352,14.406218836823625,0.029898379239036,1.516497519973231,0.2434952151104437
VRSN,2,0.0487906557158555,0.2799744590006633,0.1742682382171864,-0.388465607283863,13.344693803317206,-0.0986609908787515,10.891965994773605,-0.0041754622787695
VRSK,2,0.1760550005197672,0.265078085373707,0.6641627891327377,-0.3087603290198087,13.709061743317504,-0.152242601143035,10.54948706542949,0.1612974618638718
VZ,2,-0.0085699363717451,0.214207890531496,-0.0400075662501569,-0.4120711186809922,16.79652497185545,0.2074963565701455,6.590832548288601,0.1203917467905191
VRTX,2,0.1866774138053446,0.3175389243711292,0.5878882854284727,-0.4160013495797057,14.265621858000609,-0.7975230134809315,14.401287919807045,-0.0185308271854167
VRT,3,0.8936201651551998,0.5761929548203355,1.550904358825148,-0.7123762320830944,15.354345560774684,-0.3840615139658668,15.083797263666671,1.4213858143963276
VTRS,1,-0.0061823021340473,0.3606549911842166,-0.0171418732172475,-0.6086030377530047,16.038421847020178,-0.6216149530211154,15.261177033170874,0.1901034511303296
VICI,1,0.1537195136541336,0.3461741260902029,0.4440525795220142,-0.6021314824287232,15.641646613862491,-2.189277894142982,37.57330667040297,-0.0373423348190178
V,2,0.1575713915507632,0.278957202989167,0.5648586588276138,-0.3636490587680045,15.866742063630454,0.2729245241129729,10.417534569416183,0.2203579435677518
VST,3,0.627700546837539,0.4388741971756649,1.430251654977779,-0.4574998603444062,15.39076763351492,-0.3737667896096148,9.652666019278907,2.6735049055179307
VMC,2,0.202142054346919,0.3355659612248267,0.6023914154138098,-0.4824434291404769,13.677367049962609,-0.035858568667529,10.885388715362703,0.1453193022349295
WRB,2,0.2145532337348201,0.2975601066091912,0.7210416617325978,-0.4534570613169679,14.455040668906152,-0.3007794721424878,10.641770380518524,0.2718936174365642
GWW,0,0.323474135455744,0.2914421341993103,1.1099086147733457,-0.3889567505469239,12.560523937457614,0.2599850902457249,10.113252204935986,0.287130396555312
WAB,0,0.2651000552608644,0.3363747345978035,0.7881092959548203,-0.4961672561040682,13.91900426885006,-0.2969559653618986,9.30184750043246,0.5121747708790916
WMT,0,0.2290693810920538,0.2258259237641076,1.014362643906792,-0.2573967234346592,16.925375907587274,0.0701758426213786,14.051979987662245,0.7441598712825115
DIS,1,0.001672649336796,0.3397639876845527,0.0049229741744994,-0.6071517028869601,16.323378379225566,0.3161560302440115,8.300684941522634,0.2382811388728687
WBD,1,-0.0717037843315278,0.544139385573367,-0.1317746633171435,-0.9131616367327866,16.663974199500235,-0.4526084003009057,5.366120670630799,-0.0764499013014134
WM,2,0.1696734290374073,0.2252066322162146,0.7534122213350651,-0.3006662189476929,14.36806272009742,-0.397854036642316,10.529514022687616,0.1455655140483664
WAT,2,0.1556051202580444,0.3279285270459774,0.4745092525488876,-0.4426654340832528,12.99904724868798,0.9515448557467712,9.572175708597229,0.1266895181582039
WEC,2,0.0773177100825215,0.2617424460571944,0.295396147041533,-0.3230520096364696,14.26175982853949,-0.7031720669432017,20.79002752191225,0.1632186272319871
WFC,1,0.1704297763333229,0.3913651352392927,0.435475112593044,-0.590239890769835,17.07701913813798,0.1130484086489593,6.318537856417414,0.4683259934671011
WELL,1,0.2249851388627788,0.4021235790622387,0.5594925305983033,-0.6265403498085387,14.788049787919736,0.1283285445898939,23.098438235068095,0.4180803177198264
WST,2,0.2469552823433907,0.3549061573175009,0.6958326229388666,-0.5551622830892528,13.115675708023234,-0.0973239537562987,7.992961523180167,-0.0639434921425314
WDC,1,0.1073229418465571,0.4855927695722133,0.2210142913394366,-0.6085266269531019,15.688775522260826,-0.1678157398843667,5.035218581760558,0.138438037580058
WY,1,0.1086780210684281,0.3892813499924271,0.2791760280078723,-0.564424658037609,15.254848414296388,0.0368651355503511,22.885018991047787,-0.1737851074749988
WSM,0,0.6166266485253686,0.5157561899305825,1.195577795408258,-0.5971326305852737,14.658465752841822,0.9451756043873044,12.37106629019294,0.8790003981161576
WMB,0,0.3357311571196726,0.3524382679755724,0.952595639083501,-0.6053711554998676,15.915576780306887,-0.3803327801456626,24.41347953267969,0.624695096066799
WTW,2,0.1465373627115462,0.2749915453843591,0.5328795200111667,-0.3294557051989567,13.62965642117969,0.2408342358676419,10.9216833189436,0.3111501222116992
WDAY,2,0.187862414371855,0.4072017843757327,0.4613496835723854,-0.5592223078328147,14.591279169875373,0.4324230800085633,5.8159289177269216,-0.0509309486449934
WYNN,1,0.0482775047615751,0.5388554851159533,0.0895926757638674,-0.7149924318890863,14.972723579878984,0.318031680410714,9.024247913112331,-0.0476152864345362
XEL,2,0.0810534341200606,0.2559053297783521,0.3167321063233173,-0.3441263526727046,15.03605908960209,-0.4028251509368148,10.688897653776475,0.1243736581836527
XYL,2,0.1454225072022843,0.3110385867761896,0.4675384771694719,-0.4669314518962088,14.013821472490278,-0.1056541894428164,6.159328259015437,0.0280104394166533
YUM,2,0.111371752430267,0.2602029494796171,0.4280187932265977,-0.4683150772937163,14.401696799205425,1.9740487144599692,37.139001985203166,0.0422250793457574
ZBRA,2,0.1734529532806896,0.4014037898448223,0.4321158834791879,-0.6778292906583486,12.845224165865094,-0.3488371525008815,6.489548144484795,0.4043464857889993
ZBH,2,-0.0069925331078799,0.3134564161859579,-0.0223078321157466,-0.4973191547530314,14.191882625554069,0.3852461292770697,8.83354616089943,-0.1264842466297658
ZTS,2,0.0919368375704567,0.2902682245363623,0.3167306298073274,-0.4652384063277326,14.547212523847827,-0.2610565536248804,8.094905117977829,-0.1698492746580778
