ticker,annual_return,annual_volatility,sharpe_ratio,max_drawdown,log_avg_volume,skewness,kurtosis,recent_1y_return,data_points
MMM,0.054189414178074324,0.29527191182724616,0.18352376913446058,-0.540728121153005,15.274850422886631,1.4215694548241644,23.41345674122374,0.4616968507764785,1256
AOS,0.1439342889114068,0.3022025939440416,0.4762840948283154,-0.42684175234431604,13.943348503731213,0.3457369296852904,4.501929497642316,-0.16159001307469945,1256
ABT,0.10943725224964007,0.2615463295314241,0.4184239650608114,-0.33876755411103193,15.551192083574275,0.1479053161429976,6.689762525139415,0.04525334097895861,1256
ABBV,0.23345799832820813,0.24792816187228123,0.9416356599637628,-0.3404231963628097,15.727733703096556,-0.8918993109424288,10.945728185461347,0.17855735409821505,1256
ACN,0.17546369509293713,0.29442746196247715,0.595948808319038,-0.39687783259728837,14.653372865768866,0.307373996140097,5.624645783617751,0.020650552651230836,1256
ADBE,0.1433235762981384,0.38892460332064777,0.36851249592964347,-0.6002149800846833,14.94142681441392,-0.4181095068441873,8.351489030554031,-0.2527656620248163,1256
AMD,0.37775617062904576,0.5247644938173728,0.7198584795268399,-0.6544994295506877,17.971337506351972,0.162154757271534,2.1475619772484276,-0.16939149718725277,1256
AES,0.02141693289530089,0.40209924292475513,0.05326280333064104,-0.5656043982752855,15.673918414944195,-0.44688688832788587,6.442568781872623,-0.31583395569370276,1256
AFL,0.23101094908038156,0.32173723512924035,0.7180112335694858,-0.5244346413170434,14.893867941150276,0.8142508818681425,34.36201343475224,0.2750280113241068,1256
A,0.15051719349173198,0.2967938387149912,0.5071439290768851,-0.42734868769473305,14.374107608782861,0.02234851867090591,3.5907740941329935,-0.02824590653761483,1256
APD,0.12018652899062032,0.3025884255223786,0.39719473335152955,-0.31765682862288086,13.988631918195223,-0.5941001458811466,12.545478461558403,0.0758473109615625,1256
ABNB,0.1015312266115258,0.4899758510608599,0.20721679730071965,-0.6195812614973956,15.606072915720846,0.12582163569622304,2.198739856935751,-0.0318055079364421,1018
AKAM,0.0643530529208387,0.298417041509096,0.215648049439151,-0.4197014348543436,14.302545064692936,-0.7865020766573898,9.452681301358147,-0.1925644377638982,1256
ALB,0.2092665925551358,0.5356638884739848,0.39066772477663314,-0.7722363092227184,14.425179352886392,-0.29833175067990475,2.9766490523728333,-0.3945385134997951,1256
ARE,-0.017232461341859073,0.3144302372236972,-0.0548053568066969,-0.5619700392404814,13.779776741190933,-0.1170400843656552,9.278389612178364,-0.203189743373818,1256
ALGN,0.08492749950301604,0.542419698828786,0.1565715619959873,-0.7608230957933052,13.641253329374761,0.9865301933445548,16.945293796919383,-0.24605838747790265,1256
ALLE,0.07271289564873018,0.3078098286427791,0.23622668570832184,-0.43250097332772314,13.5137130409688,-0.1782195287606205,6.332212940024702,0.04888201667076064,1256
LNT,0.08719764571097288,0.25150872152208326,0.34669829810779207,-0.33538314793237894,14.202233261636863,0.002087005169168008,6.133805461303549,0.19922473320853995,1256
ALL,0.1922505106193808,0.29364118814203605,0.6547123441224739,-0.4139400763878272,14.42449000822465,-0.7414478087895914,8.4797075167775,0.4043262506466385,1256
GOOGL,0.2965593953597805,0.3250797109554291,0.9122667006445107,-0.44320050065097005,17.315211917414036,-0.05708289962162326,3.581963595583006,0.3739941964921454,1256
GOOG,0.2982878317961495,0.3239284647007507,0.9208447675992649,-0.44601853714774037,17.126835100117308,-0.06532381406220203,3.557901968364316,0.372187493245661,1256
MO,0.13149839438254385,0.2449497839803283,0.5368381724847913,-0.38770729073026006,16.018184367387292,-0.7334777520399014,8.250885108153067,0.401919134957079,1256
AMZN,0.2642336828339782,0.3597572135273063,0.7344777891824602,-0.5614526325328256,18.042543793491486,0.06948339635661352,3.9918627598692114,0.4564959819393144,1256
AMCR,0.06464960643131779,0.296159101313407,0.21829349881401441,-0.4536548085769287,14.310996828642756,0.0055962589517938345,15.619913008155915,0.018474834091740222,1256
AEE,0.1008934337529952,0.262431403437571,0.38445640434566525,-0.29086302931669455,14.198004254433432,0.06279379841081016,19.570193063068718,0.2815255579630962,1256
AEP,0.06620055872772612,0.2481901645170922,0.2667332078067383,-0.3290522403825089,14.92465179124654,-0.009431097327107061,9.739512747529677,0.17963406316288788,1256
AXP,0.2952796917630911,0.38564003959600696,0.7656873287131271,-0.4963851004342257,15.114623121378035,1.176269505959075,16.505126495882397,0.6061178713043083,1256
AIG,0.19315627375913014,0.4024268739927915,0.47997856565262603,-0.6508708657230535,15.40024513241609,-0.4435369076101307,12.023737082556673,0.0937466320783078,1256
AMT,0.02770086236160485,0.30608471393240794,0.09050063953119193,-0.45344210813715724,14.537494523634631,0.19716195526849392,7.401880815741226,-0.12877294963702268,1256
AWK,0.06511534846499623,0.2779061096509972,0.23430700586888867,-0.3710107054581596,13.809859634266468,0.24898609255229814,12.012893923726121,-0.037268511784874,1256
AMP,0.38451663536877256,0.3948110189143599,0.9739257947412548,-0.538838174141367,13.331966311525523,0.25770902950602187,20.375788412092703,0.4159380392726595,1256
AME,0.17731307524019435,0.27946157940732114,0.6344810460752346,-0.42719459624439954,13.90143480071314,-0.5383744664463093,19.346589497453184,0.10303282519106638,1256
AMGN,0.08346244173997253,0.2620726377358249,0.3184706440971703,-0.24859939173717083,14.815339045668722,0.6536988166076498,8.06610971226106,-0.07251234851351385,1256
APH,0.268414363120405,0.2838592302293759,0.9455896956512899,-0.37557768152310617,15.527020085202235,-0.6121772967124106,6.736175544879018,0.4140412678649683,1256
ADI,0.21549162096254526,0.3543611122715729,0.6081130617893484,-0.33619937075566,15.01796412507559,-0.02554664132069101,6.8980690071648105,0.08866712317490677,1256
AON,0.16508217855754115,0.26992207501284643,0.6115919883532475,-0.38727203302022717,14.030373522200216,-0.11839416688458936,15.617452090817697,0.24038365281883745,1256
APA,0.2923558180834678,0.6986179181234621,0.418477411614,-0.8793986624762462,15.946231698993616,-1.197900363934529,25.063378166094033,-0.35367901586668915,1256
APO,0.45077062250880284,0.42850390696078183,1.0519638565397234,-0.534794392111612,14.794435657266861,0.5697421486040735,12.361164350341774,0.8134574546389817,1256
AAPL,0.34900491952163226,0.3168909599323023,1.1013407248859055,-0.31427271693831477,18.32169935844454,0.1046755766343746,5.273350064610449,0.3163430951969888,1256
AMAT,0.3679866375879588,0.46744021055215484,0.7872378740230362,-0.5513918906805574,15.805504555813291,-0.3149488290692881,3.4783806773300627,0.01757145733017551,1256
APP,1.0493281777548171,0.7631952009493,1.374914538835688,-0.919024812239502,14.918582033287802,2.0387942901596685,14.807280576286482,7.416060670632421,933
APTV,0.024746022522533995,0.4802146507727054,0.051531169410836554,-0.7074444080460048,14.585908257691486,-0.9506744256912668,15.146013958645089,-0.33002675220114663,1256
ACGL,0.24394683963392083,0.338796364928783,0.7200397196858942,-0.538397687515893,14.513089565874028,-0.32133563712953106,10.062201956330833,0.3011299457000356,1256
ADM,0.09534735127422955,0.30434365952174897,0.31328844315028637,-0.4640504521660485,14.97124965245924,-1.8353695191009027,23.024663048329458,-0.28168429801799977,1256
ARES,0.5335676266448857,0.3761207258023736,1.4186073514205646,-0.440731890402538,13.766688525293416,0.13376318637999773,6.468515907484587,0.5439677260146396,1256
ANET,0.6892204171643699,0.4273307953806943,1.612849868566966,-0.3842277279762277,16.071776718501877,0.7514140197392162,8.410390786548074,0.8929132444102237,1256
AJG,0.30347747312707263,0.25884901632766233,1.1724111508421482,-0.37220265385817375,13.781679937223407,-0.7552071374465215,13.581904846148323,0.2761791917159686,1256
AIZ,0.1752920368393589,0.3088778647885899,0.5675124598499046,-0.4463481382533658,12.932959967712298,-0.7664277253537354,17.138014015927087,0.27973740896271315,1256
T,0.06117893300315158,0.2661276391635172,0.22988567889997066,-0.39429070907645897,17.667891814415306,-0.05288861730002362,7.153414088100828,0.4308779707129504,1256
ATO,0.10939652450540938,0.25480081678240385,0.4293413415500642,-0.329102696247684,13.735572331828106,0.4815687020016936,14.212068834112024,0.23050700585820194,1256
ADSK,0.18482643052137693,0.3924465410174722,0.47095950964987165,-0.5199403896552839,14.248147909101936,-0.20141127611260853,5.919951918271856,0.22198950221865976,1256
ADP,0.18359005404905848,0.276612530689538,0.6637083778938225,-0.39451181159400006,14.4149442139605,-0.4765905390607719,12.912527229679355,0.285152995373267,1256
AZO,0.26877547177356775,0.28282057402597477,0.9503391777603949,-0.39121872203792674,12.119679010530167,-0.9407396676331624,12.757615174894198,0.23209216725795812,1256
AVB,0.09457399380461906,0.2999898716968356,0.3152572894200703,-0.46911042896936017,13.606690933994756,-0.2563605533821079,11.711253470207684,0.20405253493913045,1256
AVY,0.14918070472900347,0.3125924992649085,0.4772369941051571,-0.43521200893818146,13.158952255745342,0.8174095137948332,18.270369909730018,-0.05892249769668256,1256
AXON,0.7094568042368101,0.49935206262578047,1.4207547286502034,-0.5854257529167797,13.334184544367892,1.2402955211730884,12.041121810271516,1.3393335607020802,1256
BKR,0.24978452563783127,0.4450834125562177,0.5612083456520218,-0.6331610533289652,15.881732456239869,0.14936685057210267,9.083197125720087,0.22873562233482558,1256
BALL,0.035675628333389,0.32851050845117175,0.10859813435371933,-0.5508922788435572,14.491244972627905,-0.10794883684764182,10.505345173645951,-0.0320219564121883,1256
BAC,0.13927106713313386,0.3575608045521661,0.38950317081752456,-0.48484247198571784,17.72531200928717,0.46697169539738115,10.466054735308939,0.33731493621689035,1256
BAX,-0.1443761376731777,0.2960086073412826,-0.4877430388594055,-0.6646673253592407,15.144631302899361,-0.7735327530767716,8.527151372016686,-0.23806211524135434,1256
BDX,0.01228146734694624,0.24349421784355335,0.05043843527667324,-0.2963220112606761,14.428394509058771,-0.4861403729826036,9.266251105903915,-0.05527027966193043,1256
BRK-B,0.17426993438441563,0.2174878955260667,0.801285671383623,-0.29569936128511065,15.310795639003011,0.09142016264445697,12.268018302704283,0.2677620114939332,1256
BBY,0.11620393887413272,0.3897779470079562,0.2981285620855321,-0.5259538280206737,14.844970970239126,0.3198378978932189,7.0522514466067445,0.1441852319206336,1256
TECH,0.1335126356832237,0.36453743031549274,0.3662521995825608,-0.6050220507809762,13.787675093712236,0.5134023611680104,4.159417936839047,-0.059074319489040295,1256
BIIB,-0.03425913024212346,0.4669033656680799,-0.0733752051521474,-0.6468134256741943,14.097397701020885,5.900187711717314,96.46348477023011,-0.419600383282966,1256
BLK,0.24045278375421808,0.3151316829286422,0.7630231956355393,-0.4390170403217398,13.471372772640947,0.23632175902876146,8.846930716234732,0.29584184873921693,1256
BX,0.4141475686630558,0.4132269933166973,1.0022277715668322,-0.4928609973151838,15.24313268173311,-0.05348220505090002,5.346352645282163,0.347808423395948,1256
XYZ,0.3112401008209311,0.6444574133091026,0.48294905822062495,-0.8608282120560732,16.276018709774856,0.11415292580134713,4.469947710647747,0.13096322020228213,1256
BK,0.1777857696801679,0.3139508542537006,0.5662853509438167,-0.4624623035207415,15.398863253217955,-0.053368416276520954,10.069660660551,0.5245406302445723,1256
BA,0.00445003442786418,0.5110049375224212,0.008708398101669864,-0.7249236475234283,16.3754077058378,0.24895111448436816,11.643240416465549,-0.32268088478730483,1256
BKNG,0.28048324468215813,0.3731296301123917,0.7517045606849093,-0.4478699557832083,16.008006506197617,0.23629890487418145,6.38531968421097,0.41945572317111535,1256
BSX,0.1930032513783284,0.28034572177052713,0.6884472862985525,-0.4349157637047449,15.904963536894734,-0.6652001570724037,7.315104709474722,0.5512886728040993,1256
BMY,0.03818033427767786,0.23694402745653678,0.16113651265036158,-0.47667364167181825,16.313215057426408,0.38402597025286644,7.815462035597125,0.1478186772533423,1256
AVGO,0.672651013564679,0.41900489131087154,1.605353606876203,-0.4829997400607445,17.02751833115792,0.5244954217259329,11.773679822384478,1.1388856338999678,1256
BR,0.1862760205300631,0.2583389078114941,0.7210529072375959,-0.36087779543021437,13.247067145472561,0.22629589102654177,6.883998008765948,0.11360780187085306,1256
BRO,0.2628918694283342,0.269955932072485,0.9738325341105893,-0.3473511436674419,14.111122386091907,-0.3591298981860205,7.56618671420434,0.4428186359663817,1256
BF-B,-0.05915349678062598,0.27938347985334167,-0.2117286849303966,-0.5061131691636022,14.062349273207428,-0.02502903239557453,11.302824074718904,-0.3269610765089914,1256
BLDR,0.6348418897466284,0.5366895953202325,1.1828846604857883,-0.6220724093968799,14.53704317315118,-0.036442881661891864,7.900354991380791,-0.14118849274901335,1256
BG,0.15366493785157398,0.33369928226657547,0.46048926688676195,-0.47312006997597617,14.137816244669823,-0.49972789032148573,6.047368434509135,-0.21625031509079717,1256
BXP,0.004389994980478651,0.39519467849009615,0.01110843647300951,-0.6359411835816469,14.066935772040267,0.27452229579266896,8.51490701723404,0.10513959708583065,1256
CHRW,0.13332244232915524,0.29589062722862886,0.450580147055958,-0.40552302140905383,14.116347870821919,0.10506915251165334,10.237157608474279,0.230785665207361,1256
CDNS,0.42973213752627104,0.3706474136477972,1.1594095134699047,-0.32116968290911635,14.334097918942401,0.19824809088500822,3.4557328399406435,0.10827180219203991,1256
CPT,0.0990645819983389,0.29314729585104327,0.3379344902730282,-0.5021734633295891,13.650821005353132,-0.511834696830318,12.02335270457168,0.19979752220096225,1256
CPB,0.030414597063959103,0.24541903032587495,0.12392925285204519,-0.31806559338522,14.746706361046472,-0.21849917648064285,6.4108888959190224,-0.010129712991629236,1256
COF,0.25470423818159027,0.44718570603842617,0.5695715107667234,-0.6025293906670367,14.921722546364283,0.003028662844795908,10.029711535017272,0.37938612486261114,1256
CAH,0.2776257457714648,0.29834521152278853,0.930552041892782,-0.3214166867008211,14.72095042004214,-0.13318083431783628,8.414375362822456,0.18658370714940853,1256
CCL,0.14800808364273332,0.7420558609260403,0.1994567948806823,-0.8756365585283493,17.477641035024615,-0.07534675856601046,10.085843796894885,0.35113251667213574,1256
CARR,0.5652018319808039,0.3798127234165386,1.4881066302798656,-0.408239405343052,15.45807122838035,1.429452223215408,18.139100132731137,0.20205801898288667,1203
CVNA,1.2794149193723205,1.1779249774589708,1.0861599370549766,-0.9899486626121002,15.875156564392846,1.1992799290196863,9.040003758836546,2.9771440973466956,1256
CASY,0.26671521514259555,0.30222702508385263,0.8824995549904766,-0.3340880315638298,12.468645903345667,0.7785427284801197,14.266681129651367,0.45913429659844085,1256
CAT,0.2859476728984498,0.3250488674957866,0.8797067194893591,-0.3784680323711741,14.986010134311204,-0.1295504751816515,4.479346736374119,0.24744547308658293,1256
CBOE,0.16659671097304063,0.2822908641134859,0.590159768351787,-0.40533184689302143,13.51382651469781,-0.3937194046929867,10.749411673060333,0.11043862828035578,1256
CBRE,0.2514500499073715,0.3844318839625941,0.6540821934838216,-0.5357198455454311,14.362462629481682,0.26510203068204885,8.862981793419264,0.3993985325729017,1256
CDW,0.10890281867843443,0.32821585533665454,0.3318024309542622,-0.4482266660432036,13.672722400610981,-0.6746839153896006,8.424910380701922,-0.22872481453222893,1256
COR,0.29915389687928684,0.26378846298649933,1.1340674019340926,-0.23783526366602328,14.058612560576847,0.5830623027698532,9.315941531504942,0.10383595476593999,1256
CNC,0.06135832744479375,0.35973977807947155,0.17056308805316167,-0.41668382665689363,15.157126172770973,0.24816273548790088,6.5867030655569625,-0.18663251104956557,1256
CNP,0.12116907747513417,0.3238740374812417,0.3741240836019531,-0.550000668079787,15.460559918306348,-0.7647476649710124,23.29812764055164,0.14636261711330945,1256
CF,0.2630438888504083,0.4227958273606646,0.6221534646935377,-0.5385019751145771,14.768457705004304,-0.1625196135122986,4.036332344196637,0.08411208134050097,1256
CRL,0.12206844703895725,0.3988510809233259,0.3060501848368398,-0.6410211462916716,13.116295732536837,-0.24195401632897973,5.6825696284562675,-0.22411166284013573,1256
SCHW,0.19122867857062142,0.3877600047809572,0.4931624618651558,-0.4970345225940696,16.10060368650747,0.19870716289959622,7.006860037500372,0.09047970540438666,1256
CHTR,-0.009639297426003557,0.35039555058543154,-0.02750975978404542,-0.6898819775863198,14.031033846776483,-0.43700732477831333,10.410968889342197,-0.11706288169546708,1256
CVX,0.15183278711167603,0.35587695374700057,0.4266440563600438,-0.5467009417323052,16.11117395309261,-0.25536520526412704,21.67724030689063,0.000493593154095251,1256
CMG,0.3706352073509156,0.35921002900081533,1.0318064013465347,-0.5018311335493322,16.56173647596853,0.6343669736848832,8.356063780080035,0.313752741079695,1256
CB,0.18954378613467582,0.2874790756625856,0.6593307206718011,-0.42591674188599155,14.436512206990598,-0.6046031785283821,10.240883804529105,0.23487328162806875,1256
CHD,0.12563613424831277,0.22866097438108945,0.5494428360080628,-0.3171611094521858,14.208956353230363,0.18868464415643763,11.089463453973382,0.11865425052568335,1256
CIEN,0.2454868328008626,0.40490763926785167,0.6062785904576867,-0.4953608167856908,14.361447342680082,0.10221245824426049,14.880387714104298,0.8886915198030765,1256
CI,0.13893774423340854,0.33862945671727873,0.4102943245997866,-0.4154985553053936,14.41759419443085,0.2931784428953921,11.683475303833053,-0.06608213852092493,1256
CINF,0.16284755916484528,0.3570061742358066,0.4561477389387743,-0.5754381454659927,13.536789758743604,0.06827133462504896,10.19522035938936,0.41929728000199296,1256
CTAS,0.2953592437370942,0.3115802810905952,0.9479394610701164,-0.48379683174959104,14.40980086724384,-0.47661037998093325,13.630157746703425,0.22896154388168677,1256
CSCO,0.11355535638045833,0.27294104533049823,0.4160435314628354,-0.3667506458286475,16.845239319801973,-0.4489711978392485,13.074002703885363,0.20975173807599035,1256
C,0.09021381464912626,0.391666323851691,0.2303333453893952,-0.5650758255404696,16.803884658285348,0.07605642463506548,11.50530230078494,0.41933521851124445,1256
CFG,0.18364390386717133,0.4648052649960708,0.39509858794031466,-0.6212762541909815,15.491604064639107,-0.08661246619692889,8.963279828313782,0.3737929337495858,1256
CLX,0.07977581955946778,0.2706614727019125,0.2947439055994765,-0.4672568469251315,14.157031083734147,-0.2390215681449393,11.704718834296916,0.17000188418132312,1256
CME,0.11408653573214522,0.2802363206027416,0.4071083130365261,-0.3735609186018719,14.354172328583422,-1.0192558645540952,19.915245238147612,0.1506315513707699,1256
CMS,0.07867040030006,0.24623464315509952,0.3194936313267126,-0.2955271582466773,14.53582978061298,-0.0060373060294416905,11.181653731138265,0.1856617060128014,1256
KO,0.08007368904911716,0.20807784665172602,0.3848256329908196,-0.36987516539774684,16.54518530482073,-0.6518700248949006,8.450053901339295,0.0847528582158692,1256
CTSH,0.11418873252015138,0.31537362267648306,0.3620744548991296,-0.43765316188136805,15.070711488519331,-0.34053417984893364,13.262837690303993,0.03253517874063605,1256
COHR,0.430377977611597,0.5653053233049504,0.761319520388511,-0.722233386836652,14.461255897131258,0.1789463369532979,8.510359723670135,1.1787272914649631,1256
COIN,0.38707255536392404,0.8941865859786567,0.4328767188341193,-0.9089789936876204,16.209124627109258,0.45939213709747373,2.433658970231034,0.46941122498370547,934
CL,0.1079625350076805,0.20698791891339288,0.521588581471046,-0.22572713677582834,15.304007899316792,0.40565437132845733,13.820325383650584,0.16412287535210868,1256
CMCSA,0.027703452357167313,0.2865895645048479,0.09666594945643489,-0.5211347987493874,16.89283472952461,-0.060044039123849285,6.238812494455999,-0.12169210936225794,1256
FIX,0.7076931543785696,0.4355232486575326,1.6249262388632066,-0.41207075991150544,12.465840622420798,0.09589513184158197,6.5178427569637485,1.0943929024736683,1256
CAG,0.027256078011847595,0.2441585030295143,0.11163272084999978,-0.34695601756902655,15.223948701264513,-0.36593858020572834,7.299242310551762,0.00694758064240264,1256
COP,0.23864866531787254,0.44130741126809736,0.5407764728720855,-0.6565815363214628,15.8548144345947,0.0318953327521709,14.037881586892574,-0.1400955799352589,1256
ED,0.07049988589070888,0.24761090634215477,0.28472043874065234,-0.3090506755869422,14.544740516601399,0.37157413158344693,22.330646665899458,0.014661266233842563,1256
STZ,0.0881560790811653,0.27807021574204605,0.3170281248781565,-0.49294427704859334,13.977846136737135,-0.013205210994787435,17.03744327901685,-0.07671292540782126,1256
CEG,0.9670537141237503,0.4375272010322701,2.210271068500778,-0.2764498775462303,14.729803100191955,1.202121685650454,10.025595735797515,0.9496227286919836,740
COO,0.07110696795727245,0.29632508332085084,0.23996270298954145,-0.45448213285637373,14.00261032792142,0.17252233280280124,7.718433890612696,-0.033611671965551704,1256
CPRT,0.2580532728104079,0.30619513132971876,0.8427739255348562,-0.43751197340385756,15.381985643600974,0.20422610196825153,9.639397486950548,0.18632655241051488,1256
GLW,0.19286685440549967,0.3311377397826421,0.582436947634229,-0.41098647118430687,15.400842479883597,0.1663090101399691,9.393757378753941,0.6003533329089688,1256
CPAY,0.09873881028483766,0.35304789655815805,0.2796753960225685,-0.5012923918013379,13.31844866336156,0.26588714998130314,6.2248027984588585,0.19447303641549252,1256
CTVA,0.22777890159413117,0.3366526190973216,0.6765992262436059,-0.34761657781526606,15.113162694165915,0.22356334847890152,11.071704222022042,0.19398553550103492,1256
CSGP,0.09681920286998724,0.3563772855378053,0.2716761331291875,-0.46591135353218194,14.695568389691317,0.47366274201909053,8.036634437478245,-0.17816683606326378,1256
COST,0.3194106437329618,0.24152357297951385,1.3224822728175456,-0.3140243238085032,14.630501046646152,-0.12930993291803108,8.533589732360005,0.40527794137761464,1256
CTRA,0.22897748716809696,0.39551862307864266,0.5789297236771791,-0.3360410743711643,15.861909617968191,0.31258552720656224,3.7657540300472743,0.03301618551907404,1256
CRH,0.2950029959610352,0.3488694899341191,0.8455970053923142,-0.5215782712732174,14.377345290772832,-0.44406560124559513,9.457270414581892,0.35843368884077,1256
CRWD,0.7196435237233012,0.5478426309417732,1.3135953339122082,-0.6769220151886317,15.325498171862828,-0.004137887343736138,2.801152446001012,0.36812622410362694,1256
CCI,-0.004833351064055469,0.29709137600580604,-0.0162689039615913,-0.5547698294709075,14.64472495046085,0.08752084713744954,5.361254911435783,-0.17295801184717718,1256
CSX,0.11770175371568192,0.2929590249037675,0.40176865605811296,-0.4055300129027628,16.382763461596806,0.021051042127302785,12.937118294731393,-0.059983852908432,1256
CMI,0.2251893526514921,0.29769743007569927,0.7564370058358595,-0.4142356931038469,13.920066195973316,0.931274832062366,15.518647005053957,0.4884326202430813,1256
CVS,-0.02740963483510006,0.30429123059195784,-0.09007697915506237,-0.5678882723652043,15.91725866881214,-0.7593426726440963,10.871321164132183,-0.4202373515031743,1256
DHR,0.15728643840401046,0.28031216798540853,0.5611117046199646,-0.3664860015604185,14.90681399385358,0.11592052908587887,3.830947689095214,-0.0030236802177605604,1256
DRI,0.2582666605358612,0.4481850360866088,0.5762500747257275,-0.7210289667616108,14.257270463186027,0.8261434218160311,27.496035895376735,0.1775466474644316,1256
DDOG,0.5647741143861107,0.5923310331120637,0.953477165325661,-0.6810643090895365,15.246639468324677,0.5592521320318767,5.747340778800819,0.18775746771476864,1256
DVA,0.22916757216563322,0.3636666485372494,0.6301583416774612,-0.5109881987899276,13.67906359617469,-1.7293273209669602,21.70071060194689,0.4298395402029975,1256
DECK,0.6350818814460308,0.44113391635863974,1.439657795275284,-0.5468734498880959,14.677851454884054,0.4335900360405219,7.2171713803688196,0.8469547754716522,1256
DE,0.27613506522100084,0.33152497834839895,0.832923861715213,-0.3741554974634632,14.31801786947367,-0.21142879101978804,6.537358348022943,0.07382784230270056,1256
DELL,0.498720196227026,0.44407042979649824,1.123065538175041,-0.5078686569352382,15.553326145913559,1.2641470169745632,18.782787171120983,0.524130673525804,1256
DAL,0.1397316809866307,0.48931764802817335,0.2855643599811168,-0.688495691856012,16.517330091254536,-0.12867975393210226,10.796092645493827,0.5255675839067948,1256
DVN,0.31456938815618396,0.5801211725602355,0.5422477286390049,-0.7935627967768656,16.129362321652383,-0.4651072285518424,12.76839552572468,-0.26946787263888605,1256
DXCM,0.21853808879591918,0.4916521873201636,0.44449733863099306,-0.6069158306033109,15.110048120288683,-1.6302310429050049,26.322012004166645,-0.3714239479255842,1256
FANG,0.3986077971939592,0.5897938891613291,0.6758425350265475,-0.8376406659861437,14.762193723858172,-0.7452165325032742,23.70611205650879,0.08426970413691581,1256
DLR,0.18254775436918802,0.3233179460902589,0.564607552957259,-0.4851522353565042,14.479251007394437,0.30098469996360594,5.321860595359652,0.3504504637891095,1256
DG,-0.07094255039673403,0.337661248234867,-0.21009976942153732,-0.7090313964322362,14.71229977170115,-3.3139895355097693,50.90247782913958,-0.4322153515297238,1256
DLTR,0.034920091295159494,0.39730000444202473,0.08789350844383176,-0.6483800641047947,14.810726447072389,-0.296624602903646,18.577408226219358,-0.4736360785868976,1256
D,-0.0009718617772145333,0.28318234865680497,-0.003431929220957039,-0.521999317395266,15.246845998696386,0.10248432514146065,15.044268749472405,0.20457851754862366,1256
DPZ,0.14638323983281865,0.3289115123561171,0.4450535610146946,-0.4781289329376634,13.371339740498726,1.5987976349149402,24.45602445605427,0.03413943001683406,1256
DASH,0.16843461253214453,0.6067284179575483,0.27761121376043674,-0.8249379958548102,15.243360819460241,0.2694902533152838,2.5927449287324316,0.7150369820031461,1019
DOV,0.1636801160858452,0.29480406310378854,0.5552166220593102,-0.4524091077120097,13.672110296646158,-0.45529143175008774,12.236106040412382,0.22505710905401588,1256
DOW,0.057641802483101134,0.3603510745565966,0.1599601237599416,-0.5807342464950526,15.451268956599689,-0.4374278154959119,16.277470618424026,-0.2411582605100404,1256
DHI,0.3368313459912935,0.40988372068347234,0.8217729297217133,-0.5361804581289761,14.972026887294982,-0.2626276480184326,6.3619853070046,-0.07414905085997592,1256
DTE,0.0953664099927074,0.2738873989873318,0.34819568313589494,-0.42447434207364515,14.040700737073186,-0.5524355050865447,15.041555305869231,0.13302215894174507,1256
DUK,0.11228688615214444,0.2466004010822758,0.455339430346997,-0.37371850660740474,14.96837196285726,0.17109769839170513,12.642654329373098,0.1552766986953753,1256
DD,0.12033330648082896,0.3407648075298372,0.35312715345551826,-0.5392244436255746,16.041934914763445,-0.11930043117904755,7.336799968066314,0.00643500906647354,1256
ETN,0.38035845545984115,0.3294349667472742,1.15457827447817,-0.4455355912506614,14.52362018344023,0.7163460057378048,16.494805938391938,0.3972570670034574,1256
EBAY,0.19596544380843772,0.32825672367749226,0.5969883620753221,-0.5357985042667627,15.775213237697361,-0.2573693632009715,2.9883730672574034,0.4503665664448053,1256
SATS,0.008544185851408592,0.5195107928103045,0.016446599319310844,-0.7769071112850687,13.508349503417172,0.47683432481935917,17.422904419960847,0.38865423371547836,1256
ECL,0.10544201186089341,0.30903752876794777,0.34119484543273204,-0.4369998168762358,14.081583612498665,0.6611461179951231,18.976284744934336,0.19392445795232893,1256
EIX,0.10069946805569563,0.2825874930543662,0.3563479295112411,-0.43132978462766763,14.524423314118998,-0.16137371700246164,9.230396571802823,0.1501390046820581,1256
EW,0.06244586103585048,0.36398765410308265,0.1715603821501198,-0.543158829897888,15.066072871124176,-2.205681580008345,34.06175852649399,-0.026360683753842262,1256
EA,0.1063105348450426,0.26022881425468175,0.4085271461944956,-0.2579435492788069,14.683880965019735,-0.13257998700054902,5.78176332215236,0.07670444006469124,1256
ELV,0.11447269698937279,0.3317581340745323,0.3450486521112863,-0.4302653389707708,14.031367919797386,0.047176256361040676,11.85075054847834,-0.20740557375505342,1256
EME,0.4928557113573895,0.35294325688167516,1.3964162843394972,-0.46115263505281584,12.74501802101756,-0.36610835414240084,10.304739515173317,1.1283262378339982,1256
EMR,0.1877018808473987,0.3266668039603606,0.5745973529351192,-0.5077151556548042,14.929492255116736,-0.4175774463343578,14.801451739324492,0.30076671651889564,1256
ETR,0.13977772809053235,0.29056040669510885,0.4810625428302214,-0.4199434507574704,14.840491805968018,0.11168720755889576,16.77071773405926,0.5581185982470374,1256
EOG,0.2609837765558116,0.4687271231703088,0.5567925636361882,-0.6655937179201675,15.23078836645861,-0.6970411338990109,14.240002531674936,0.02600389013168103,1256
EPAM,0.19562862472080145,0.5506787659125757,0.355249987525139,-0.7627144596896938,13.15488152165766,-1.8313950258234601,33.11214481078869,-0.21073520022144587,1256
EQT,0.6017394355867098,0.5691259753856182,1.0573044661667288,-0.523102972049775,15.761502682276449,1.1191802406348696,11.016374241476615,0.2267747683865875,1256
EFX,0.1996264331783113,0.33939487616367586,0.5881834028691696,-0.4912450928547385,13.656073009515207,0.2762158330852453,4.834873224485541,0.038221078868410974,1256
EQIX,0.17498298241244603,0.3080500262637017,0.5680343044757751,-0.41767992759313544,13.089819386145722,0.3356967671259156,5.30430736266249,0.18569162723169685,1256
EQR,0.06125032518860385,0.3034784692834111,0.20182758049765853,-0.451495879332385,14.528387675217967,0.03333706165410184,10.52710401536684,0.19801970242181155,1256
ERIE,0.2928907573959647,0.3266167613206111,0.8967413558683213,-0.367614016451321,11.536282371547852,0.8524569847110116,16.866909450724123,0.24414682862982828,1256
ESS,0.07423124096791245,0.3107810031445139,0.23885385598486772,-0.44615977627771086,12.951040644926827,-0.5418105132533932,11.398054314756463,0.17264933051084252,1256
EL,-0.107462297792566,0.3936402279103965,-0.2729962289754273,-0.823929500898147,14.542242982536594,-1.0471950037778162,10.719315747209478,-0.4814530638854092,1256
EG,0.1344827534227262,0.3216147087664152,0.4181486410822068,-0.44206308067935246,12.661506719260233,-0.3616512814242426,6.392742200328152,0.03784326090284362,1256
EVRG,0.07612049612508409,0.2826286866543724,0.2693303960973081,-0.3879175037276736,14.40123465668642,-0.17043407585860662,21.20624246675942,0.23356088443409662,1256
ES,0.0008520951353703232,0.2878612513985295,0.002960089735004452,-0.4168925991732919,14.45241817011974,0.25697564654841976,11.980148646807795,-0.026812872791724063,1256
EXC,0.11359308605509377,0.28916890120832744,0.3928260804686508,-0.4003640684681166,15.82470109883909,0.31742396947879636,19.316226546553107,0.0918831328850096,1256
EXE,0.37847108029615284,0.35901100254481755,1.054204683459265,-0.29685632444208443,14.38313047636977,0.01123286724359361,1.6265061604058637,0.33563182302377426,977
EXPE,0.259865822888542,0.5020064175508405,0.5176543840940523,-0.626876131859337,14.8263500785263,0.13987783706045342,10.159489352345535,0.22860550528035195,1256
EXPD,0.12250576973442384,0.2624586894531169,0.4667621025986533,-0.3562257115694202,14.051856355721693,0.00619987003398243,6.57340865499139,-0.118348174720457,1256
EXR,0.1673036999722164,0.3151850166379366,0.530811082826325,-0.5136486914174727,13.826630551975315,-0.43313585377237845,6.879846001504115,-0.04340182230362388,1256
XOM,0.2067594632569758,0.3438549841507104,0.6012984333138351,-0.5498586380151664,16.924838458843215,0.05154691307972179,4.571386054394472,0.09389497336187813,1256
FFIV,0.18121795872236657,0.3139490632998333,0.5772208931526466,-0.47417065974649136,13.306434936021745,-0.07493655023719507,6.582935839433347,0.4106604187871863,1256
FDS,0.18348617853826443,0.2899571936083317,0.6328043676202558,-0.33564705586527593,12.475684760084404,0.380033308579197,10.708637900739308,0.0212630381769916,1256
FICO,0.5178011903173185,0.4144442346704006,1.2493868824815857,-0.5090092162690399,12.304165415305835,1.3523815204919303,24.225740963450036,0.7299250071049763,1256
FAST,0.21682496664299777,0.27441580048146447,0.7901329524851588,-0.3070599730470178,15.742904435034472,0.31725162994879536,7.192711301202753,0.13541542465163792,1256
FRT,0.08761022720343581,0.37145076639900126,0.23585959467190204,-0.4927994430366516,13.348713065094753,1.3822211290109536,41.603170929665865,0.1104034980179156,1256
FDX,0.22979781134062738,0.37321431168452496,0.6157261502202884,-0.5369964742214756,14.708610389050556,-0.49188210170259616,13.87375302891397,0.13178999848155093,1256
FIS,-0.024167868441631546,0.3583686866632996,-0.06743856073658058,-0.6788295922335226,15.257423957034966,-1.7891647416341507,25.55456411940438,0.3665570720865441,1256
FITB,0.2239067185467436,0.4439904442770035,0.5043052647481063,-0.6166228336735935,15.554775885805453,-0.04339930281603735,9.950136622399441,0.2740798877239208,1256
FSLR,0.4437892205165759,0.5325088043879431,0.8333932075107376,-0.4931484081621553,14.626335480597795,0.7366088776221926,5.617989740289275,0.03360812970714777,1256
FE,0.05172268900581867,0.2955609028540837,0.1749984132081021,-0.4768342340243223,15.214940964442501,-1.6566175281672695,30.71059040034828,0.12844084798175293,1256
FISV,0.17588668506834781,0.3015327173744258,0.5833087918281915,-0.3784809074231566,15.114112691375805,-0.3969807594080784,9.939341707049,0.5527703248936744,1256
F,0.16532112264786236,0.44519071014776973,0.3713489946656529,-0.5642450211221475,18.037315128709857,0.15049251243140654,6.991445957399158,-0.13277235878243976,1256
FTNT,0.48995401131317085,0.4557311821895559,1.0750943329337082,-0.38315892861555156,15.636964203569704,-0.08764099850110409,15.076578054349405,0.6253203355108761,1256
FTV,0.08083048687238126,0.29789841339555173,0.271335741439663,-0.4703826434120874,14.940676175361768,0.008505551973066556,14.024240475828865,0.023372392145363463,1256
FOXA,0.13449944606998887,0.33660291943820714,0.3995789647174465,-0.4828231142003868,15.105380813282476,0.04315256389802475,4.251732491878393,0.6719808295366512,1256
FOX,0.12222867075929655,0.32612341220239704,0.3747926894725351,-0.4827124033274544,14.049721779980912,0.04149012065835951,4.472368919940065,0.6950496435221132,1256
BEN,0.07490237535038924,0.3824699549311558,0.1958385864946479,-0.42432982394167196,15.080757280049971,-0.03328440685814123,4.7179789784812005,-0.2785350724107589,1256
FCX,0.42532981151723326,0.5127303796234653,0.8295389320008372,-0.6060830483322138,16.67478908635387,0.434559479720888,7.638291329334399,-0.09222486412039566,1256
GRMN,0.24278809378139443,0.2992460014413776,0.8113327917898904,-0.5463191993619796,13.681158497473788,1.6986049770471745,23.221637968609063,0.6420323371159802,1256
IT,0.33032604897945794,0.341709447910639,0.9666869060812215,-0.49197439876089527,13.13347191978396,0.7928050915235626,9.893447773779684,0.07612340220912328,1256
GE,0.33725287839049445,0.39412504444277946,0.8557001975535662,-0.5824123155763747,16.247772567349372,-0.035755401313128175,5.357305511365059,0.6612004811875327,1256
GEHC,0.19503864103563662,0.29546159405057243,0.6601150368201595,-0.2803724909590205,14.903656135321869,-0.17739389115616092,11.077176131926718,0.018026414392515733,511
GEN,0.21495276931702967,0.32394512293178823,0.6635468605659217,-0.48405360133776254,15.453764689158026,0.36274453567061105,8.10802768979913,0.22406943037473326,1256
GNRC,0.2520514360484898,0.5278663002248003,0.47749105396792646,-0.8374851741161219,13.860109631478835,-0.46982726384872886,5.965655113145575,0.1973073268040737,1256
GD,0.14305481988896052,0.25040683060449787,0.5712896071709272,-0.4372590591167827,14.043970244006669,-0.2634487618886816,6.990042211427324,0.034785028515136096,1256
GIS,0.10165025357867652,0.2239305388912508,0.45393653800851946,-0.30911658547531207,15.174711293884474,-0.12330390154352269,9.7544916002566,0.008095251245768154,1256
GM,0.18908247840176995,0.43153989777602214,0.43815758259253135,-0.5895943785886244,16.602748336693328,0.06520991819462103,5.577676469094667,0.5093988163306424,1256
GPC,0.10623682810942836,0.3295873325779945,0.32233286175914594,-0.5135737551905655,13.709686343165643,-0.38650069945727694,23.8009502358068,-0.13922131710084062,1256
GILD,0.15500504863097153,0.26233024227680324,0.5908775415509079,-0.3046811564303872,15.953619473466826,0.7259706972543983,7.975613693100968,0.1821994036559138,1256
GPN,-0.021558659437168726,0.38559220359711976,-0.05591051695561243,-0.5697410462056812,14.549586958887936,0.08318273919336908,11.461424304310942,-0.11944079334834357,1256
GL,0.12644497067353022,0.4146855727130736,0.30491769908045285,-0.6162254747165895,13.464426480079652,-6.315056709605104,142.47849044227172,-0.08832632304328847,1256
GDDY,0.3225626016451937,0.3615440981284984,0.8921805204812109,-0.46523793219367077,14.1534811914462,0.09880809546429432,12.085624138033772,0.8787678039561888,1256
GS,0.29534040232069225,0.3312774833603464,0.8915196992106956,-0.4562100745603091,14.808230712927333,0.33521294098290655,10.546495769940558,0.5227824183591154,1256
HAL,0.21193121147105165,0.5538142455822205,0.3826756230299747,-0.8165144564723745,16.245033935475043,-0.834534230916406,17.747197427158383,-0.2384212651830372,1256
HIG,0.23006170061401265,0.3657437079552047,0.6290243567011411,-0.5685197094326309,14.538491283491739,0.7270732981883351,33.12433540328139,0.3837658037255627,1256
HAS,-0.020425781077565874,0.36949318070888587,-0.05528053599900892,-0.5743659124540486,14.116961233893702,0.2813170706339856,14.135785229526626,0.14350422965884557,1256
HCA,0.2493235534337339,0.3811082369571125,0.6542066774111502,-0.5473993638857153,14.26281597301936,-0.00960800444010722,18.49568082780143,0.11109560823704778,1256
DOC,0.005397988099693718,0.3458387626382113,0.015608395249033027,-0.5406929744477122,15.28070098529416,-0.5994193958854064,16.025540136401254,0.0723400071630722,1256
HSIC,0.05228822823181756,0.29981189638224087,0.17440344717060002,-0.41419073610771684,13.92164802522021,0.03085278721372105,4.3420933324408,-0.08638226118891379,1256
HSY,0.08700299524133648,0.24344261727737762,0.35738604938758767,-0.3620015350582977,13.995669451453749,-0.8239546260946031,19.42767784653376,-0.0688133715878454,1256
HPE,0.17669330109134385,0.382781829263768,0.46160315768172916,-0.4980809536362289,16.30659627037351,-0.07522990157324053,5.6127211398617725,0.2943847730338418,1256
HLT,0.24641278226412933,0.3387371362455514,0.7274454315676333,-0.5082001164480612,14.62603526238936,0.07045497142004803,5.464301092059442,0.36686052233679756,1256
HD,0.1987933657371126,0.2887583567788174,0.6884419483290798,-0.37993720910068324,15.195006875805694,-1.005250434950115,17.206070279137958,0.15125814812191174,1256
HON,0.10843911389428595,0.2717712616997032,0.3990087591163594,-0.4301034029713299,14.99417410204009,0.14590738908152756,11.137425184591445,0.10361407424872904,1256
HRL,-0.01553090936697632,0.2431209279216933,-0.06388141695468794,-0.4501304264411969,14.62707516456144,0.5258828981817364,16.951381914283573,0.006633412571606767,1256
HST,0.11360903935724331,0.41826544084358197,0.27161947477207304,-0.4887174502541122,15.91999690630443,1.3329863532821762,17.218169103972677,-0.05694539828448719,1256
HWM,0.49486102169814794,0.4398819110789744,1.1249860683843915,-0.6480775369240813,14.958222905989311,0.9054422358079101,13.165095801836724,1.0439197559389375,1256
HPQ,0.21812463934412163,0.38496284805656705,0.566612182046383,-0.4332834123273045,16.077544938639843,0.03399909215677691,9.430693576707313,0.1210181834163826,1256
HUBB,0.3222653207652484,0.32198316409405875,1.0008763087721793,-0.41625824341896184,12.840538303911588,-0.07740808774845434,6.670680749196675,0.290335890548713,1256
HUM,0.0022186499840106677,0.36254582554742404,0.006119640132831842,-0.5775011109182988,13.991011037774651,-0.729057386744755,13.901082945963243,-0.440291471046363,1256
HBAN,0.16318090762892856,0.41268058000886176,0.39541697752151184,-0.5304703700245115,16.464841764496825,0.1315336217977838,7.018389475153981,0.3420699355868557,1256
HII,0.013390730222694103,0.3173988715130392,0.04218896607558982,-0.4970278938740892,12.77043863473892,-2.046424001342652,27.451610636659424,-0.25885916048408963,1256
IBM,0.20812363418907398,0.26690371362815973,0.7797704698819742,-0.3898012337144671,15.427732480615058,-0.47496824811471827,9.976750047376449,0.3953657756233626,1256
IEX,0.08734012572578442,0.26250932882240285,0.3327124644201624,-0.3552400457228173,13.011051279582913,-0.3949486113916203,5.639857362502751,-0.025695320930212984,1256
IDXX,0.1605771117699335,0.3466078082914049,0.46328186477244876,-0.5400135879670384,13.10807799748336,0.007951075135644569,2.970916150678071,-0.2563732833483928,1256
ITW,0.13230461967598406,0.2622477917963895,0.5045023211433026,-0.3784737020267603,13.91443100214426,0.5473801107114895,14.600304967220811,-0.010561811057096526,1256
INCY,0.0038711336438714827,0.31560830454428845,0.012265626690213588,-0.5334123514810312,14.360929667913087,0.23079662934407183,3.6761894606588497,0.08966391417945863,1256
IR,0.27126110149919214,0.34278629728489934,0.7913417299575992,-0.5027168517739612,14.79104312194653,-0.3549093673932444,7.1600074070117685,0.17141426909177326,1256
PODD,0.20596305876739573,0.4469440562604691,0.4608251432867585,-0.613087870901121,13.354891237016004,0.4512546131855925,7.069108866334194,0.21375237596678098,1256
INTC,-0.09817481711755593,0.4347005594105383,-0.2258446992814611,-0.6957315472234241,17.518576092783217,-0.8289043156399986,12.274128802350459,-0.6002896301438142,1256
IBKR,0.38856972735202566,0.3392904522347164,1.145242151061824,-0.37990537196169166,15.112354246906978,0.2285681803546146,4.2956345247536145,1.171963848309018,1256
ICE,0.15095472973055757,0.25094504844755594,0.60154496239086,-0.3431746063945445,14.816857968796517,-0.60138687092413,9.529833345570061,0.17741765522538477,1256
IFF,0.0017710754154813824,0.33803284606716244,0.0052393589442177885,-0.5741526779612676,14.384346834540695,-0.8592129842642587,14.582424773684764,0.055226141074947055,1256
IP,0.15979639823232783,0.342848941389866,0.46608397734738094,-0.47990701390267804,15.081767800304146,0.4973582501854377,8.407122408877447,0.5483012682684771,1256
INTU,0.2840015002197469,0.37623708583059307,0.7548471719441907,-0.4901005853167457,14.209953818972807,0.21128058799943528,6.281941081151929,0.014459816623636712,1256
ISRG,0.2947687427237964,0.35551872885752567,0.8291229653949542,-0.4990422231080242,14.411428290395172,0.16263367605882692,7.952689372598968,0.5620110411835351,1256
IVZ,0.1591369883822249,0.46312358131471293,0.34361668203218587,-0.6319596458964127,15.409986888019457,-0.24613790150443826,7.955740372440724,0.030243764242775084,1256
INVH,0.09407997908768317,0.30370745842084357,0.3097717111619885,-0.5053663762798735,15.118547782285978,-1.3833276920418016,22.883293888791236,-0.035494433712913054,1256
IQV,0.11095163000984365,0.34200423979016387,0.3244159489891641,-0.4943110005938721,13.91965662660715,0.11424936608830276,9.853471840623767,-0.146641919001406,1256
IRM,0.422891933175533,0.32812366703127693,1.288818746302816,-0.3604608799677141,14.545854477765648,-0.19154058272318222,7.20043353109417,0.5239308941803962,1256
JBHT,0.1419599842256205,0.31422222548062556,0.4517821233316086,-0.3690553094337497,13.544619271494511,-0.1956198008998401,6.419268978629145,-0.13917845457258604,1256
JBL,0.3990170646615223,0.40771366888026606,0.9786698242356509,-0.5713304495461538,14.03697247701892,-0.17257696520868535,8.522075185811792,0.13141032004775766,1256
JKHY,0.08987576445160639,0.2731822334371582,0.3289956426550743,-0.33566192576860543,13.188974623564397,-0.7494620961223619,7.882398884568978,0.085152361221845,1256
J,0.1788726699448,0.28979028048689004,0.6172486863405763,-0.3933176900312252,13.62931660483206,-0.2774527808425532,5.70158500201687,0.2412011425584455,1256
JNJ,0.04439091151340824,0.19660499786000254,0.22578729939010952,-0.2736628191132523,15.914917164961082,0.4364731810587452,8.295277224624723,-0.05653968001257015,1256
JCI,0.2215971286066809,0.3054624119152444,0.7254481074030368,-0.4416511337911045,15.336838839593327,-0.5906555284815854,4.791759534445314,0.4016923767207705,1256
JPM,0.20645089804384176,0.3253950135354056,0.6344623901908019,-0.43061967186000305,16.3905898254307,0.44816302571084643,12.938296774947915,0.4405340387334993,1256
KVUE,-0.07263982600089514,0.26418017104322933,-0.2749632030066657,-0.3321729643763193,16.823564006875454,1.7304224153754064,16.1899394593184,0.023029013045209545,416
KDP,0.0738032617033777,0.23829675248760493,0.30971157152977397,-0.3355932689827684,15.789286541003975,1.2643051111833417,49.878094341769085,-0.01544365282860094,1256
KEY,0.15049985724733372,0.4959837562171584,0.3034370689782022,-0.6523277683898113,16.316264608680843,-0.3476660874390656,12.095225385192924,0.25125488873585655,1256
KEYS,0.15242361797119885,0.3295971384631331,0.46245431220043226,-0.4262011169084678,14.026036791136026,-0.0034572377491205617,7.716368599930808,0.013074372235429399,1256
KMB,0.05087913303615843,0.21412442387257644,0.23761480412172017,-0.25585331382554716,14.463628081876797,0.08435256302674174,9.011365675874497,0.11428006675839741,1256
KIM,0.17862466190488013,0.4202201555545492,0.4250739988165386,-0.6097261989994982,15.41344028413236,1.0825540125977338,23.442264442821,0.1403327210522416,1256
KMI,0.1839405786676791,0.3209192994087886,0.5731677060449227,-0.5512589511242294,16.52775914453981,-1.0564540097431963,21.144247187221005,0.6419549020069228,1256
KKR,0.5151411379218855,0.3999157556764995,1.2881241376711208,-0.47915485082002557,15.047945153412863,0.26960350353392915,5.576046913457118,0.8022890960549294,1256
KLAC,0.4464378328369556,0.46283589308828355,0.9645704654798669,-0.40283380825912285,14.011338131858357,0.13627400974799667,4.159642513743027,0.09973041122103776,1256
KHC,0.07686751959547622,0.2707929969634499,0.2838608104989191,-0.3569187194371869,15.80794929847179,0.5765214057529964,20.765562516665693,-0.13950803171323445,1256
KR,0.2385345452808334,0.2837829118958339,0.8405528849051719,-0.3107248620317327,15.769931042216497,0.39943551241588676,5.80425199470473,0.37093570211356064,1256
LHX,0.06699080156197068,0.27975706809540835,0.23946062209632588,-0.3815662406858106,13.989950322779666,-0.02833285299299299,9.001026205019409,0.012301406265995407,1256
LH,0.1606452266121825,0.3111421723525286,0.5163081089186751,-0.46579272020429924,13.6220661370731,-0.6438201577469065,15.849265582950792,0.02010428124221364,1256
LRCX,0.36208489567490676,0.4879246979464696,0.7420917555491959,-0.5639315041349247,16.483092694739945,-0.029898007540908753,4.216111551056938,-0.06947928858664476,1256
LVS,0.04427439931831145,0.4503202141139082,0.09831759252786346,-0.5849138527983382,15.667737905864701,0.12384807907062453,4.2896556520780695,0.04840784327192904,1256
LDOS,0.14375820099939185,0.30008491076930577,0.47905841260345094,-0.42288764632570747,13.707192254101411,-0.8707951381024959,12.887320743257103,0.3369314947006279,1256
LEN,0.33287494617338687,0.4371947438881429,0.7613882619287701,-0.5878965943383777,14.782941061550257,0.22012649033758425,8.819510922443653,-0.07438954138616771,1256
LII,0.2807643018202408,0.31771950588173525,0.8836860709608108,-0.4687593048370768,12.634234839126123,0.004268273723601396,2.5066208948622437,0.3806530995456796,1256
LLY,0.5212477121609644,0.3257727893728959,1.6000345307057495,-0.24126122352478113,15.008650838731564,1.3481561047478292,10.249470282729506,0.3361877650106262,1256
LIN,0.20370477282297172,0.2594893989640613,0.785021560172423,-0.3258504072033002,14.463934023951735,0.09731734347042033,7.1761875856658275,0.029325131472017096,1256
LYV,0.2542667811362529,0.46106916301442824,0.5514721033909096,-0.6122502722133407,14.691591951289825,0.16746124249502495,7.547117935074892,0.3996794513095865,1256
LMT,0.10435956762339749,0.26081376384410726,0.4001305992645961,-0.36674277133545463,14.142695979089613,-0.28146214868678326,13.844006366347319,0.09439720015176523,1256
L,0.1607099804934451,0.3184821110276877,0.5046122684092406,-0.4833414693721093,13.693925229497369,-0.3879535426163832,14.145786861058962,0.2165923402482246,1256
LOW,0.2414678691671177,0.3263190861097974,0.7399747040412783,-0.486292129360196,15.096006554576734,-1.3816994645745517,21.802577570869335,0.12975171497960636,1256
LULU,0.2048079245934844,0.4142355731001892,0.49442379624877963,-0.543507617994108,14.335369551974331,-0.30986368036938805,8.469513913855334,-0.24886076126162715,1256
LITE,0.12657330921858567,0.47973282157091,0.2638412539799024,-0.6688699201893759,14.052374116028085,-0.44675045698262394,6.414981938080029,0.599389531981311,1256
LYB,0.09530026003434577,0.3969852926245759,0.24005992616071564,-0.614949740584478,14.569310256542035,-0.6471432600394865,16.870503417708342,-0.18596101144866561,1256
MTB,0.14501819315492614,0.40844048827642887,0.3550534222669402,-0.48696818106202855,13.930357479952647,0.731908572654314,10.618162069046718,0.4207334226939081,1256
MPC,0.3536178754715551,0.4714449499297906,0.7500724645034744,-0.7241950807558324,15.496032381144481,-0.33497170962525813,12.9553549463121,-0.06738513321926709,1256
MAR,0.23080771072022488,0.39661841311022,0.581938969777693,-0.6065996244212734,14.675158666672345,0.5063303187803385,8.833338495728972,0.25538191710146196,1256
MRSH,0.18576438498449943,0.23373214841822718,0.7947746437178298,-0.3579739687808983,14.418752001463966,-0.17120782849574423,13.916059186111283,0.13515628564374116,1256
MLM,0.21505878277853396,0.3489830290815081,0.6162442435798363,-0.47961532055779,13.042842273056412,-0.041547530304532676,6.026240970652887,0.04839183137186609,1256
MAS,0.15834481521365218,0.3124548625388719,0.5067766074338268,-0.44829653944193365,14.550380431497635,0.2992819993589182,5.82482767791722,0.09968775968491195,1256
MA,0.17775988376961416,0.3099017865483089,0.5736007066932611,-0.40997201430296454,15.056445744935335,0.4268850911026398,10.138824575464781,0.23933794238807438,1256
MKC,0.03279833738018789,0.26379963003654094,0.12433049043944731,-0.41178795888296643,14.221898995511227,0.13745077961980348,14.80927925223396,0.12788173202877884,1256
MCD,0.13213285633915328,0.23433255901495045,0.5638689599712142,-0.3655937374826303,14.959474555279508,0.4429581181776519,34.03848790981138,0.00036426975791892247,1256
MCK,0.39491383273441194,0.2899246137704331,1.3621259250762026,-0.32105654274097634,14.005463521149188,0.3963533135880498,9.20724754444423,0.23855927160596058,1256
MDT,-0.00899621765539449,0.2661603755214963,-0.03379998858871431,-0.4509988752218543,15.574317091438697,-0.15093947297732865,7.609186978322537,-0.0006235108822071345,1256
MRK,0.08460330324572518,0.23533547380808142,0.35950085160012923,-0.2708006861798418,16.14389095511226,-0.23070814307458576,7.397007859674179,-0.07306018871952691,1256
META,0.36435001617139506,0.44915272789772004,0.8111940405588808,-0.7673609445664671,16.958248725568012,-0.297335442524638,18.082585185631817,0.6767388612517107,1256
MET,0.2074187222062105,0.3515640881932606,0.5899883667645512,-0.551553266952522,15.370045577723616,-0.28788977282611494,11.751295267130873,0.270983335833054,1256
MTD,0.1466702275702041,0.3278135209541522,0.4474197011254984,-0.4347412506347187,11.753148168084678,0.3486803655106659,6.2110624643284975,0.005738097902615813,1256
MGM,0.17347863579515455,0.5522369439472818,0.314138048344182,-0.7917512061423048,15.90131133083286,0.024665228420675422,18.78636760969271,-0.23119968130031654,1256
MCHP,0.13618478532823763,0.4442250421669288,0.30656710541109644,-0.4968347574062005,15.457239276602605,-0.05911564947372362,5.186093932500986,-0.3522103626511316,1256
MU,0.22419859251631613,0.471571895867816,0.4754282315822318,-0.4962753552841611,16.799820755542413,-0.03883798452342098,3.796643594369127,0.003918786049528888,1256
MSFT,0.2847666047089814,0.30506807618817827,0.9334526518380307,-0.37148487961208737,17.17083188912195,-0.01784235723015869,7.115674983834625,0.13819468356188036,1256
MAA,0.11472656015668048,0.2882958360640437,0.39794733674611404,-0.4539919569787406,13.43622377972248,-0.7102472739181024,12.420936699143388,0.18757455128851008,1256
MRNA,0.5194010515740577,0.7471790781023253,0.695149351469028,-0.9239375020511664,16.057672205918813,0.6319559537561616,3.9435015213332143,-0.6040220987778393,1256
TAP,0.08787690089782152,0.3133562765540167,0.2804376598554368,-0.4310836567542873,14.460726017013545,-0.25496825139265517,4.854633756678785,-0.041667208266604305,1256
MDLZ,0.06683581577504016,0.22056492198149638,0.3030210569051735,-0.2974196295307144,15.753238776996627,0.09781710902053012,12.41758649467734,-0.16204735862098474,1256
MPWR,0.482496785057567,0.5371569180809992,0.8982417778054385,-0.4596442529810157,13.136719633983162,0.07805834220853611,4.226577617630474,-0.03843205075897804,1256
MNST,0.14603563880106196,0.26812082189461717,0.544663550443912,-0.27599431653468576,15.471877221076863,-0.0011905052423464583,5.391263556867742,-0.08817916641614987,1256
MCO,0.21340719190335955,0.3165935900514172,0.6740730027689462,-0.42017185141911306,13.56684641393845,0.22447457928683606,13.068489306602704,0.2221051936710734,1256
MS,0.3135321618856204,0.3572857860429475,0.8775388614198392,-0.5132583178376271,16.0538814471605,0.6422744781441722,13.768848496042544,0.3976450455166267,1256
MOS,0.19079448808958155,0.5162157226996837,0.3696022412718706,-0.68071438310171,15.43764366785101,-0.3331930709350275,7.554067063466539,-0.3081346696640339,1256
MSI,0.3020084699692016,0.27948005570067197,1.080608307494607,-0.32808655397622893,13.640006368621542,-0.08761410078402475,7.897691249043643,0.49559369331826075,1256
MSCI,0.2692229576383105,0.3633059357181287,0.7410364961589492,-0.4374484318587888,13.082304520495216,0.06972861227928848,8.452329902139343,0.07242934076087959,1256
NDAQ,0.2302957206901215,0.27876183482356826,0.8261379138786286,-0.3831091802549076,14.774777483983272,-0.03609022673659846,10.39263769937353,0.3500676673012193,1256
NTAP,0.240900574930053,0.36093779524343184,0.6674296183573111,-0.45931468037038986,14.491265550566972,0.410285199229815,9.114873964544637,0.34637447691064605,1256
NFLX,0.3618012609297312,0.45539055773428305,0.7944856448710987,-0.7594731825161353,17.9655761975544,-1.2724331201013404,23.37040405318565,0.8493879349229316,1256
NEM,0.07060185084898074,0.3677233432595005,0.19199719610717605,-0.6240275307827563,15.963063402886869,0.11133915106010658,5.96052555569838,-0.08376919555312723,1256
NWSA,0.21734544870565498,0.3370808450025257,0.6447873022984335,-0.4509296900931965,14.843827818562744,0.08779030481394043,5.605413317886052,0.12786686742781295,1256
NWS,0.23754330313003535,0.34202122931840917,0.6945279496346447,-0.4610922687028774,13.532172704503937,-0.12352711692040994,6.569637920604153,0.18788017120555045,1256
NEE,0.11295448354897664,0.3041365877441297,0.3713939331890095,-0.4496972827936299,16.048950489327133,-0.17133342224335124,7.593557991125326,0.21583160134708068,1256
NKE,0.009581573828238765,0.3479596025281718,0.027536454687905942,-0.5861650456283709,15.913080469199377,-0.33031921481450316,13.01782930092001,-0.3006307268425791,1256
NI,0.14119383213180825,0.27069978136530315,0.5215882754676865,-0.309500175406874,15.207309853738893,-0.3467012913349811,19.851741872060533,0.43250801076935996,1256
NDSN,0.11130928203464951,0.31287829846095966,0.35575903660361563,-0.4423665295546987,12.432208708442396,-0.2729260512262279,19.806252958660394,-0.2030218831973647,1256
NSC,0.10908066824500207,0.31286489502726283,0.3486510310960162,-0.4441884936478191,14.103184264139019,0.36135129646380876,12.207019859052343,0.010276286621970776,1256
NTRS,0.08867329106316446,0.3531220056918159,0.2511123340768326,-0.500260239415045,13.94305924029162,0.24111897066959684,12.424987293309815,0.25921734477629843,1256
NOC,0.11463036084225786,0.27503951291716594,0.41677779176689156,-0.29627103474383254,13.69576097048503,0.33556757096830175,9.338305944999002,0.013300674339311369,1256
NCLH,0.15897563759539146,0.7885046977776539,0.20161660170630985,-0.8697401545320074,16.80385569954865,0.22059572152941462,10.81364787643085,0.2849300810185318,1256
NRG,0.32107278313308685,0.3759654421536102,0.8539954664288119,-0.4510733546300612,14.962640846582163,-0.4221330954830874,8.032545637436586,0.824011771775516,1256
NUE,0.28905321502220693,0.41401961410567545,0.6981630946316186,-0.4774774927941356,14.640654688769425,0.002094782527294588,4.151402983323248,-0.3276842257776509,1256
NVDA,1.1655239935825756,0.5388738191856185,2.1628885132033173,-0.6633509283906819,19.918452018537774,0.4141292573756785,4.012150180638796,1.7771282890675066,1256
NVR,0.2514417267309885,0.3670118294131374,0.6851052379784356,-0.4613363342936262,10.01887408830597,0.40583192683768377,17.566268871570024,0.16799059100691216,1256
NXPI,0.23099213149793174,0.43628071388405026,0.5294575812015431,-0.5325957809888083,14.767465482732813,-0.06143094059172103,5.363877591994509,-0.08136452249268256,1256
ORLY,0.26816201993485556,0.27624431797453924,0.9707422107395939,-0.4084385743755039,15.824577607359187,-0.8216512939908567,14.473238775171442,0.2419163938584854,1256
OXY,0.2813264875443571,0.6267686423298293,0.44885220565376094,-0.8061084207348933,16.753363800302793,-0.8432791606345083,31.22866705770233,-0.17526780064902425,1256
ODFL,0.31196699754835877,0.3553077489129216,0.8780191214597328,-0.36102708141537315,14.26422104335591,-0.035616730713459326,4.342645948872437,-0.12069246507671283,1256
OMC,0.10820435436702658,0.32245695436107386,0.33556216699195096,-0.41167415895240805,14.423359075819958,0.228801257650534,7.867453697863684,0.022284245917826295,1256
ON,0.41706693246147664,0.5681474164612742,0.7340822476307161,-0.6701795654774081,15.765791799097716,-0.058392700135514425,7.3799224932397305,-0.24027295568210427,1256
OKE,0.2877476590943784,0.48797367667751923,0.5896786504009282,-0.8017286190634161,15.041934422066095,-1.6182596805771947,39.61120430978608,0.5066935150101808,1256
ORCL,0.34344804588983524,0.32826368160548813,1.0462566075238133,-0.4036480565879437,16.125149729538297,1.0400729142231255,17.202734570379818,0.6024957867391065,1256
OTIS,0.21773527935554693,0.25739440481437986,0.8459207942479048,-0.2999219070325692,14.665778887423347,0.45054432962690205,8.054982289382238,0.05120924687765682,1203
PCAR,0.2330089430511284,0.27657117317312824,0.8424917910923033,-0.3652141329629303,14.83238226965213,0.4906905026986937,7.708231025156383,0.10374186705608857,1256
PKG,0.24214034162641696,0.2949131136089679,0.8210565432755779,-0.3177752419665715,13.42013363145842,0.501020519199469,8.865685175823643,0.41591227904578454,1256
PLTR,1.1021972317741882,0.7168822531537578,1.5374871213861498,-0.8461538461538465,17.822181260746156,1.1330988072028685,6.248049211439075,3.4950495027507698,1068
PANW,0.49162339565161983,0.4200624678510212,1.1703578236034606,-0.46802023366115075,15.919595285426544,-0.6684631366373437,16.138019485524335,0.24932171661788072,1256
PSKY,-0.06820783940634678,0.5988001187442834,-0.11390752485049994,-0.8951478769014746,16.484184284432693,-0.25833417128884345,11.413033359437627,-0.2878772921849999,1256
PH,0.3560893757487602,0.3652182059080595,0.975004449363082,-0.5468226951009781,13.644797371485561,0.016091968327223007,10.876181421061832,0.3975151959307419,1256
PAYX,0.18803136164567036,0.2947284254740977,0.6379817669205291,-0.44153817145518764,14.429589652886051,-0.3430504601505937,20.783536126341623,0.2108117982756179,1256
PYPL,0.05079803045197395,0.44833968482841785,0.11330255199562503,-0.8366771300854225,16.356021678545094,-0.408658621187031,7.756603340460668,0.3911414929181316,1256
PNR,0.25160607568830695,0.331219266118236,0.7596359917013119,-0.5148270734073336,14.100753704831856,0.046527629020254,10.945231997893924,0.39639826131855105,1256
PEP,0.07830344927857813,0.22035399463376482,0.35535298286160366,-0.2881712749287568,15.441272398228454,-0.1596257910382446,20.712667031035135,-0.07808198294949376,1256
PFE,0.012334545585848344,0.2748278087346734,0.04488099527714267,-0.5481803448168858,17.27058033090617,0.3694614599557377,3.8991483919248475,-0.026225016284188163,1256
PCG,0.23483609057815036,0.41479045876829174,0.5661559604709552,-0.5995563831438149,16.629531661139467,0.048045712720479736,21.828397611602927,0.11836239628781908,1256
PM,0.16717209652246123,0.2501440479080222,0.668303315311865,-0.3188830974855318,15.42384108294887,-0.6251857868632401,11.551715677661551,0.3395589811770803,1256
PSX,0.142389536572199,0.4277875331362152,0.3328510663419909,-0.6081340169658354,15.020569171312292,0.2887033827662827,7.817371203236885,-0.1313068287586383,1256
PNW,0.07636273813104588,0.2768638936713923,0.2758132782083902,-0.39276078465875824,13.79529310986477,-0.5488031254212851,14.039340767340882,0.23499077998048068,1256
PNC,0.14859800021215608,0.36001898930354753,0.4127504510237561,-0.4947677037252836,14.621711333392676,0.09256615588130518,7.2641908417933685,0.2917653530602349,1256
POOL,0.186630640309146,0.36787185894670044,0.5073251344734858,-0.5052002358480013,12.801476536603586,-0.49941914662309356,6.78145503469033,-0.1380184863278695,1256
PPG,0.04548536484774002,0.3037498283920118,0.1497461417131659,-0.4430878145733993,14.223352963326152,-0.17189204342595363,6.1193361957985815,-0.18704988434199676,1256
PPL,0.06393075478166721,0.26955174943417487,0.23717432706657035,-0.48725901857030723,15.466794494205061,-0.17028860249047953,13.274115204499875,0.2372516052153224,1256
PFG,0.19256189013008207,0.38008335970924484,0.5066306777476066,-0.5716094529536471,14.197741621632108,0.31567333542889175,14.211929246448829,0.01634682534971854,1256
PG,0.11341170676036083,0.20931922504401365,0.5418121853666986,-0.23772480573765478,15.791970106560619,0.1625736517820998,12.614303166054402,0.1686216258255826,1256
PGR,0.34323840683826456,0.27398225706940343,1.252776039257599,-0.22907779600765657,14.812701529579234,-0.007853692426737195,7.746531615846282,0.5138651597343573,1256
PLD,0.11747421286841853,0.31560414866346304,0.372220116135686,-0.42058695152584863,15.018537889038083,-0.3499042580275821,8.52906335782726,-0.185878250362974,1256
PRU,0.1821696595434139,0.3795203230680471,0.47999974828950415,-0.5913834073600809,14.526488136879534,-0.26457620710752144,16.215127638575165,0.19075383108435817,1256
PEG,0.1509452083466769,0.25720344533362743,0.5868708646218976,-0.3975867294630831,14.756237494228905,-0.09250414123842518,6.8817236997546445,0.42594112540711104,1256
PTC,0.26514207730508144,0.34476005884939265,0.7690626292093421,-0.45328369147666153,13.581178912233215,0.3264776602089021,7.065748967349682,0.049725632226742755,1256
PSA,0.1572270715240074,0.26801559817828585,0.5866340339617803,-0.3792855403108572,13.628059904207658,-0.5956912412811141,4.55914797201402,0.008548796688351734,1256
PHM,0.36516282389108135,0.4311371164653891,0.8469760777842841,-0.6211059448142114,14.802750238126869,0.10601007949151293,10.964898507996452,0.06184884400641799,1256
PWR,0.6171926421113547,0.3676288302359583,1.6788472267401247,-0.42400767651984794,13.937231023550032,0.3185372556456052,5.278807439614054,0.47960417047289705,1256
QCOM,0.245637447512272,0.4151472610323792,0.5916875060223838,-0.4428841945300084,16.023705530381132,0.14611729989054587,4.049137844323493,0.08987316648093513,1256
DGX,0.1357132555375622,0.2661219090984058,0.5099664886568154,-0.3660097010316264,13.938152791925477,0.05690485759503135,8.093023671444916,0.11848510708125892,1256
RL,0.2764003490006868,0.42476801223632904,0.6507089541547336,-0.5019783671706266,13.823516684379689,0.28123561691504695,5.920376472245664,0.6372722563431541,1256
RJF,0.307633801006556,0.359442413791385,0.855863941491062,-0.4558562129346731,13.992629282876429,0.4760090080995726,8.272933633609597,0.4083153232034322,1256
RTX,0.1215818307922023,0.32851623513011396,0.3700938273082544,-0.5198195550210897,15.751160844363982,0.14933010532634172,12.363825429309697,0.4015373194196008,1256
O,0.04165631213697529,0.31292810092489914,0.13311783765617316,-0.48282037176669107,15.264010199581191,-2.2032757119344795,41.71419902991495,-0.03348631404740099,1256
REG,0.15954443027759102,0.37943215198812624,0.42048210580368456,-0.49324740235884107,13.88517531536261,1.949777247152518,45.62905702924587,0.1408798342850508,1256
REGN,0.1898463849951011,0.30799210820446554,0.6164001607114832,-0.4159814823052633,13.537377920394645,0.7619814716634763,10.200138814185813,-0.20004788243030336,1256
RF,0.2211193711817645,0.4314747916808989,0.512473440963604,-0.5563954309355642,16.009090449122812,-0.184350826596366,7.815221339921788,0.2775940213139174,1256
RSG,0.2225440618725869,0.22218033747096855,1.0016370683641882,-0.34023723092956054,13.995367665953856,-0.8742313923906687,12.261424750938119,0.23036599114905276,1256
RMD,0.16373073130557692,0.36165517855524615,0.4527260800181396,-0.5399202283047295,13.531894048541105,-0.2559935561556592,14.677671252422503,0.3466006327191986,1256
RVTY,0.08422226856033532,0.3301543979131077,0.2550996415395367,-0.5900624220395341,13.649324511906899,-0.34580249008248143,4.8831158539424,0.020931273062471556,1256
HOOD,0.3348532360854777,0.736064896935806,0.454923523020119,-0.9021167789994491,16.475486997754118,1.7159116677408337,20.232291108803942,2.0047095343030072,860
ROK,0.15666061312193058,0.3496060739104453,0.44810609658360967,-0.4509038002589974,13.589996021332913,-0.5770703123602109,13.68967695993345,-0.06280200439316252,1256
ROL,0.22118961569619056,0.2821331746720398,0.7839900995453941,-0.3031654113383914,14.361066944038058,-0.4459402886002386,7.002815773273118,0.07694417491847494,1256
ROP,0.11568951777348802,0.2561596469493388,0.45163053256537383,-0.3524812957743477,13.147888571685142,-0.427379646852393,9.715183430846443,-0.041107809183077215,1256
ROST,0.14313823769396783,0.37768968695437016,0.37898370709619295,-0.5141371857593539,14.72464656977425,-0.3761010139789055,16.367161717676943,0.10557091115213457,1256
RCL,0.4003795449272982,0.6676938071633142,0.5996454372226454,-0.8330125698769102,15.544852560900718,0.12454183078659078,9.965699989867245,0.8058141055739156,1256
SPGI,0.1837149733574679,0.29311700695471443,0.6267632685873161,-0.3976039539918162,14.197876830462157,-0.1203420853801222,11.764054392600167,0.13933024873732203,1256
CRM,0.24741187874056503,0.4003304042319725,0.6180192064482856,-0.5861723984943165,15.739177279361302,0.3936395782936899,14.717030716258137,0.2830248872327239,1256
SBAC,0.0285748489363844,0.3143927744352754,0.09088901291612589,-0.5079282067320591,13.53473563347405,0.26017089336545257,3.4163029443246984,-0.18367993694529672,1256
SLB,0.1405696130012566,0.490514319408743,0.28657596208546293,-0.7004411152144496,16.343353383395424,-0.2963769203670533,8.895597869559381,-0.2551403017814846,1256
STX,0.20346113281007794,0.3842460702979464,0.5295073874205483,-0.5699184055156137,14.776395053293152,-0.12441125317206896,3.947356443182022,0.04325799582373269,1256
SRE,0.10951565849161415,0.2791047689935142,0.3923818961837913,-0.45000927715859174,14.918730145586489,-0.7808852851230226,16.818434584264892,0.20596165886971085,1256
NOW,0.4199187177540329,0.42487206608927347,0.988341553303719,-0.5129750704386903,15.834884170924536,0.10970460239719719,2.9536779436719787,0.5112739530195443,1256
SHW,0.184988205556325,0.30066768334124955,0.6152580267376739,-0.42458553115983416,14.239505448759365,-0.3721626014185161,13.101022206158277,0.09518695003106625,1256
SPG,0.22965329608759655,0.48129929396497306,0.47715277991724986,-0.7003269138047326,14.825684527319677,0.09363765687167265,20.522323558049276,0.2593349011077013,1256
SWKS,0.04364411532127144,0.41456068685904157,0.1052779887353652,-0.592321757755447,14.536407834742274,-0.026269360521627788,5.770497483300742,-0.19099506099168417,1256
SJM,0.07873661242348651,0.24394715481550477,0.3227609376425577,-0.32057522224236895,13.817580274495178,-0.07174068171318042,7.007809560207308,-0.09806096684599352,1256
SW,0.25557178757932264,0.4885255363390734,0.5231492901978754,-0.5457330722246023,13.168641830570627,-0.19849977969907656,7.379278482027312,0.37025166033494084,1256
SNA,0.23853378883805876,0.30827645995144715,0.7737658232990845,-0.43429786998156905,12.8283976037894,0.13786782474691844,6.410280749311639,0.2084447142957755,1256
SO,0.13874110391256256,0.2657467909393663,0.5220800726215287,-0.3843486803533106,15.314687619490627,0.8813909781720242,22.422626735297925,0.21807746140606654,1256
LUV,-0.0002640340533984764,0.4171855420083647,-0.0006328935852556042,-0.6456593386544803,15.987000392823676,-0.10739056349134925,4.783480791748646,0.18899756389707667,1256
SWK,-0.03584028272778361,0.41200102945004474,-0.08699076013383908,-0.6645045404588772,14.232446962392816,0.07086870472054098,13.798786948205066,-0.15674133346069674,1256
SBUX,0.08468464968663403,0.3398392034142132,0.24919034895281372,-0.43682905435233216,15.941507194353939,1.046230335947559,22.57784457594859,-0.03194878839646653,1256
STT,0.15571913404433246,0.38450488102559605,0.404986104803092,-0.4788953480660421,14.709822261222973,0.10007677578494174,11.582090802274971,0.3035223010975687,1256
STLD,0.434823813237994,0.4426825956710725,0.9822473652455995,-0.5422327078546442,14.4334384982343,0.1825248030838855,6.855872302851836,-0.02621488651853765,1256
STE,0.11815029760134332,0.28946611080690454,0.40816625224967484,-0.3617966459798635,13.164595469244416,-0.28462243712218516,6.614045448607671,-0.058233069734767606,1256
SYK,0.18157404722953974,0.3075489917303749,0.5903906438058618,-0.438027519558908,14.136079049662428,-0.10402179755047657,9.397368955860891,0.21803894932108614,1256
SMCI,1.2312515094395633,0.766881220299383,1.6055309177591996,-0.8484096025557226,16.99747851865723,0.9464861621239352,12.915429563671104,0.07929359258762969,1256
SYF,0.29035968324940864,0.46869804065243137,0.6195026607007481,-0.6462165425042417,15.527434773538351,-0.23883419897671354,10.519962575161959,0.7414640963028565,1256
SNPS,0.36704431492457346,0.36556746987817607,1.004039869977735,-0.3425056079446691,13.761136135584756,0.0051209491636889665,3.486890691910709,-0.054708559514051514,1256
SYY,0.07860252379377153,0.37578641054568723,0.20916808481613577,-0.6321242757951083,14.880763717553204,0.2338226670142024,20.325638993219947,0.07273613274253687,1256
TMUS,0.2819922478188197,0.2743719220888545,1.0277737083005796,-0.319858139229321,15.409731373520044,0.30670858750838303,8.979318623968759,0.39658983205793596,1256
TROW,0.08519372262366942,0.35017370572022527,0.2432898907941871,-0.5701454529452071,14.14020312862059,0.456681081462979,9.08692798541549,0.10429425244307122,1256
TTWO,0.1532752603925096,0.34475058433091005,0.4445975361868794,-0.5614043250163611,14.375840993117295,-0.30944295402900157,5.894757193847278,0.14656723693804485,1256
TPR,0.39645979640267726,0.5089657489677708,0.7789518198557251,-0.6359331159624961,15.208579601339125,0.05091665251449949,14.544175242499243,0.8417551220296295,1256
TRGP,0.6717633138532384,0.5883567642397842,1.1417618606309792,-0.8845391121089314,14.580302811257779,-2.6862323684691147,50.73980598551451,1.0925356797812973,1256
TGT,0.10843988764194434,0.3587626564973028,0.3022608002200463,-0.5886997432716694,15.300894347625638,-1.211608045400008,24.77834618840418,-0.02361671043212843,1256
TEL,0.1557874577257201,0.31140361623145213,0.5002750437230966,-0.4685386824979489,14.335295081630038,-0.466350197606895,7.876563056992744,0.03439163616871821,1256
TDY,0.10944143882397439,0.316169591712499,0.346147895599942,-0.48946862426484367,12.468042282902065,-1.2798047278674884,19.87777597786758,0.042438777653028836,1256
TER,0.25755237384656926,0.45639743239059755,0.5643160008537226,-0.5752117384039684,14.441352061554365,-0.38026030684323575,4.6266237456683905,0.1723226775079738,1256
TSLA,1.1411010316977452,0.6718943700509346,1.6983339681968779,-0.7363221744219122,18.648307729358454,0.21095469005068,3.1212797714651552,0.6798535529588621,1256
TXN,0.16368767745538548,0.313587053895161,0.5219848058845881,-0.29850713345038715,15.46367525585697,0.14747072599424219,4.074911059989385,0.13407967093815487,1256
TPL,0.5636313970630336,0.5230207788132177,1.0776462807882414,-0.6142758148032507,12.74368436092617,0.38117570379760063,9.734615616747915,1.1560075917081543,1256
TXT,0.20000060814634701,0.3911908097192605,0.5112610091476284,-0.5744289514737269,14.07123397951027,0.09101871942527748,9.08902951125167,-0.047115758237414096,1256
TMO,0.14396302539907158,0.2798316592203087,0.5144629660567852,-0.35071668092692293,14.256278793892276,0.079041201531482,3.293142835642798,-0.01985390618023397,1256
TJX,0.21905453487499837,0.3140951776509173,0.6974145114652276,-0.42553528054864,15.650291239366696,-0.40389989820559685,14.672795442250258,0.30866267378851875,1256
TKO,0.28151232599993237,0.38042248212213464,0.7399991830912686,-0.5401411090468266,13.775361900263466,-0.638416292273289,15.626967905592778,0.7574159407546239,1256
TTD,0.6950687168485976,0.6849194712918221,1.0148181588963052,-0.642690795344566,15.816725713758647,1.0444272138591075,11.68810268963716,0.6699555266514072,1256
TSCO,0.3108112919152952,0.3052439853626357,1.0182388738832822,-0.3249148030759178,15.579594612905035,-0.504723344224515,5.475365261110266,0.24319399830062371,1256
TT,0.3731174900200327,0.3083433692103956,1.2100713920831518,-0.4052556621848518,14.098693182699783,0.08723365794963663,5.77021551123493,0.5359543917259073,1256
TDG,0.3079346570446788,0.40332919022353564,0.7634821989303907,-0.6264192364431759,12.69928868723717,0.12428949390340456,18.090584575521298,0.33583322043037467,1256
TRV,0.1947694056084941,0.2938616077958295,0.6627929625424798,-0.4182103199686428,14.159791092926529,-1.3376579910000543,20.38019879655451,0.2821321744150884,1256
TRMB,0.1946941295304052,0.3841615123762232,0.5068027984535167,-0.5735478565163721,14.09439486096066,0.039075319761717485,11.124286758832602,0.32387216720190737,1256
TFC,0.08379459318582927,0.4186903934525592,0.20013497920229648,-0.5911312350697858,15.842964627478517,-0.16776319390695665,8.480598060935117,0.23689717139960598,1256
TYL,0.1950144662335962,0.31764406953762836,0.6139402083516458,-0.4785199676949445,12.441736080979206,0.09325304168520496,4.589445020453757,0.384865552447581,1256
TSN,-0.0138658298277049,0.31176737635802615,-0.04447492226313543,-0.5244751152250808,14.764864382079741,0.43281385464959166,23.116173702932166,0.0989050006456309,1256
USB,0.07492945278560192,0.38005198304910476,0.19715580006833075,-0.5213488515178785,15.992625207883764,0.15278367714539878,7.061811027452077,0.15431365319755597,1256
UBER,0.323496254237285,0.5451036213031787,0.5934582739771621,-0.6761633588850027,17.03278328186459,1.2761887982290494,15.392314790972534,-0.01299332858576896,1256
UDR,0.0736565265862772,0.30869882369092916,0.23860319811267724,-0.4443540860385305,14.5892812877657,-0.0843714158943018,10.55157905966208,0.17360901034969634,1256
ULTA,0.21340481209325324,0.41437199694533305,0.5150078037763907,-0.5735049915897913,13.692295518982997,0.34226609607450365,17.561004602156373,-0.11141043169428588,1256
UNP,0.1104531837051308,0.2757948804806751,0.4004903336589319,-0.3871933854288596,14.884791949331486,-0.040431189881802575,11.469367862448633,-0.05206462996227923,1256
UAL,0.23297484783222466,0.6172825768382124,0.37742009344496136,-0.7779264129987876,16.501124394080183,0.1228013622325719,9.367046624484018,1.3802715239864125,1256
UPS,0.09888530024464726,0.30243177564143153,0.32696729711988803,-0.416465720069291,15.121201151843382,0.4453904719622904,10.007074764478004,-0.16450663124096132,1256
URI,0.48427196744655876,0.4548887390946737,1.0645943190644025,-0.5800496003489903,13.599592784381896,0.2003679655538798,5.803968811454398,0.2423818139972318,1256
UNH,0.1855846835004682,0.2989699031257387,0.6207470436327375,-0.35899873352322176,15.066747101829517,-0.16254815454981342,12.642827330914411,-0.020360979340953378,1256
UHS,0.13971579478320217,0.4010985284412858,0.3483328530926143,-0.5412386845170177,13.434062507294785,0.09066800048530028,17.794839784018766,0.17493969895747585,1256
VLO,0.22778045053386076,0.4853428083488234,0.4693186890082678,-0.6593729506371745,15.21596926791898,0.7904106910587889,12.929820276744234,-0.05332348627302197,1256
VTR,0.15952391650971576,0.4440336041589906,0.35926090956980056,-0.7308485419985064,14.741480806450157,-0.883537346409414,26.863603450963268,0.2051531393386219,1256
VLTO,0.2832478973593664,0.2319498918952093,1.2211598593343282,-0.13426504183983523,14.406218836823625,0.029898379239036033,1.516497519973231,0.2434952151104437,311
VRSN,0.0487906557158555,0.27997445900066337,0.17426823821718643,-0.38846560728386303,13.344693803317206,-0.09866099087875156,10.891965994773603,-0.004175462278769526,1256
VRSK,0.1760550005197672,0.265078085373707,0.6641627891327377,-0.3087603290198087,13.709061743317504,-0.15224260114303506,10.54948706542949,0.16129746186387184,1256
VZ,-0.00856993637174519,0.21420789053149605,-0.040007566250156924,-0.4120711186809922,16.79652497185545,0.20749635657014553,6.590832548288601,0.12039174679051912,1256
VRTX,0.18667741380534464,0.31753892437112924,0.5878882854284727,-0.41600134957970575,14.265621858000607,-0.7975230134809315,14.401287919807043,-0.018530827185416765,1256
VRT,0.8936201651551998,0.5761929548203355,1.5509043588251479,-0.7123762320830944,15.354345560774684,-0.3840615139658668,15.083797263666671,1.4213858143963276,1256
VTRS,-0.006182302134047357,0.3606549911842166,-0.017141873217247503,-0.6086030377530047,16.038421847020178,-0.6216149530211154,15.261177033170874,0.19010345113032967,1256
VICI,0.1537195136541336,0.3461741260902029,0.4440525795220142,-0.6021314824287232,15.641646613862491,-2.189277894142982,37.57330667040297,-0.03734233481901783,1256
V,0.15757139155076327,0.278957202989167,0.5648586588276138,-0.3636490587680045,15.866742063630454,0.27292452411297297,10.417534569416185,0.22035794356775185,1256
VST,0.627700546837539,0.43887419717566495,1.430251654977779,-0.4574998603444062,15.39076763351492,-0.3737667896096148,9.652666019278909,2.6735049055179307,1256
VMC,0.202142054346919,0.33556596122482674,0.6023914154138098,-0.48244342914047694,13.677367049962607,-0.035858568667529025,10.885388715362705,0.1453193022349295,1256
WRB,0.21455323373482016,0.2975601066091912,0.7210416617325978,-0.4534570613169679,14.455040668906152,-0.3007794721424878,10.641770380518523,0.27189361743656426,1256
GWW,0.323474135455744,0.2914421341993103,1.1099086147733457,-0.3889567505469239,12.560523937457614,0.2599850902457249,10.113252204935986,0.28713039655531203,1256
WAB,0.26510005526086444,0.3363747345978035,0.7881092959548203,-0.49616725610406825,13.91900426885006,-0.29695596536189867,9.30184750043246,0.5121747708790916,1256
WMT,0.22906938109205388,0.22582592376410765,1.0143626439067919,-0.2573967234346592,16.925375907587274,0.07017584262137867,14.051979987662243,0.7441598712825115,1256
DIS,0.001672649336796006,0.33976398768455274,0.004922974174499461,-0.6071517028869601,16.323378379225566,0.31615603024401157,8.300684941522634,0.23828113887286873,1256
WBD,-0.0717037843315278,0.544139385573367,-0.13177466331714355,-0.9131616367327866,16.663974199500235,-0.45260840030090577,5.366120670630799,-0.07644990130141349,1256
WM,0.16967342903740734,0.22520663221621467,0.7534122213350651,-0.30066621894769296,14.36806272009742,-0.397854036642316,10.529514022687616,0.14556551404836648,1256
WAT,0.1556051202580444,0.3279285270459774,0.4745092525488876,-0.4426654340832528,12.99904724868798,0.9515448557467711,9.572175708597229,0.12668951815820395,1256
WEC,0.07731771008252153,0.2617424460571944,0.29539614704153305,-0.3230520096364696,14.26175982853949,-0.7031720669432017,20.79002752191225,0.1632186272319871,1256
WFC,0.1704297763333229,0.3913651352392927,0.435475112593044,-0.590239890769835,17.07701913813798,0.1130484086489593,6.318537856417414,0.46832599346710113,1256
WELL,0.22498513886277882,0.4021235790622387,0.5594925305983033,-0.6265403498085387,14.788049787919737,0.12832854458989398,23.098438235068098,0.41808031771982646,1256
WST,0.2469552823433907,0.3549061573175009,0.6958326229388666,-0.5551622830892528,13.115675708023234,-0.09732395375629876,7.992961523180167,-0.06394349214253148,1256
WDC,0.10732294184655711,0.48559276957221337,0.22101429133943667,-0.6085266269531019,15.688775522260826,-0.16781573988436677,5.035218581760558,0.13843803758005802,1256
WY,0.10867802106842817,0.3892813499924271,0.27917602800787233,-0.564424658037609,15.254848414296388,0.0368651355503511,22.885018991047787,-0.17378510747499887,1256
WSM,0.6166266485253686,0.5157561899305825,1.195577795408258,-0.5971326305852737,14.658465752841822,0.9451756043873045,12.37106629019294,0.8790003981161576,1256
WMB,0.3357311571196726,0.35243826797557243,0.952595639083501,-0.6053711554998676,15.915576780306889,-0.3803327801456626,24.413479532679695,0.624695096066799,1256
WTW,0.14653736271154627,0.27499154538435916,0.5328795200111667,-0.3294557051989567,13.62965642117969,0.24083423586764197,10.9216833189436,0.31115012221169924,1256
WDAY,0.18786241437185502,0.40720178437573273,0.4613496835723854,-0.5592223078328147,14.591279169875373,0.4324230800085633,5.8159289177269216,-0.05093094864499348,1256
WYNN,0.04827750476157511,0.5388554851159533,0.08959267576386745,-0.7149924318890863,14.972723579878984,0.31803168041071406,9.024247913112333,-0.047615286434536275,1256
XEL,0.08105343412006061,0.2559053297783521,0.31673210632331733,-0.3441263526727046,15.03605908960209,-0.40282515093681487,10.688897653776477,0.12437365818365276,1256
XYL,0.14542250720228433,0.3110385867761896,0.4675384771694719,-0.4669314518962088,14.013821472490278,-0.1056541894428164,6.159328259015437,0.028010439416653377,1256
YUM,0.11137175243026709,0.26020294947961714,0.4280187932265977,-0.4683150772937163,14.401696799205423,1.9740487144599694,37.139001985203166,0.04222507934575748,1256
ZBRA,0.17345295328068966,0.4014037898448223,0.43211588347918795,-0.6778292906583486,12.845224165865094,-0.3488371525008815,6.489548144484795,0.40434648578899934,1256
ZBH,-0.00699253310787995,0.31345641618595793,-0.022307832115746617,-0.4973191547530314,14.191882625554067,0.3852461292770697,8.83354616089943,-0.12648424662976587,1256
ZTS,0.09193683757045679,0.29026822453636236,0.3167306298073274,-0.46523840632773267,14.547212523847827,-0.26105655362488045,8.094905117977829,-0.16984927465807786,1256
